date,integra,prima,profuturo,habitat
2010-01-01,96.9894087,18.4364964,91.3385301,
2010-02-01,98.1133947,18.6136686,91.7469443,
2010-03-01,102.1941135,19.4176641,96.2061655,
2010-04-01,103.2654213,19.770238,97.7949062,
2010-05-01,100.7501078,19.218844,94.8501471,
2010-06-01,99.2542238,19.0994333,93.7360124,
2010-07-01,104.2778186,19.921805,98.1563816,
2010-08-01,106.4216619,20.334312999999998,100.263585,
2010-09-01,111.8779308,21.4421899,106.0574744,
2010-10-01,116.5500976,22.3159019,110.5371423,
2010-11-01,115.9464905,22.3592383,110.0494395,
2010-12-01,118.86251970000001,23.104101999999997,113.5140703,
2011-01-01,115.759091,22.545872,110.7951764,
2011-02-01,115.7628137,22.578055,110.8608691,
2011-03-01,114.1360176,22.2542591,109.6361425,
2011-04-01,111.9557595,21.8707031,107.4169758,
2011-05-01,113.6604991,22.1527293,108.8272336,
2011-06-01,110.3109923,21.4109094,105.630466,
2011-07-01,114.0133452,22.1615324,109.1685338,
2011-08-01,114.7099877,22.1890318,109.0690941,
2011-09-01,105.5379752,20.4821499,101.9306243,
2011-10-01,111.82947899999999,21.6396141,107.1735084,
2011-11-01,110.9593168,21.4176815,106.6075976,
2011-12-01,109.6851258,21.262285,105.7874559,
2012-01-01,115.6655657,22.409959,111.614577,
2012-02-01,117.8373287,22.9054935,113.7228547,
2012-03-01,118.0655175,23.0429104,114.4927876,
2012-04-01,118.4694158,23.144907999999997,114.8828971,
2012-05-01,115.38323,22.4683305,111.9891251,
2012-06-01,117.0006601,22.8038636,113.0688273,
2012-07-01,116.0987501,22.7166998,112.2536594,
2012-08-01,116.8394835,22.889343999999998,112.9888806,
2012-09-01,120.2868366,23.5086658,116.0125494,
2012-10-01,120.1454317,23.4609673,116.2422986,
2012-11-01,121.0581774,23.6538843,116.8411159,
2012-12-01,123.4293039,24.1085632,118.7074569,
2013-01-01,126.0968085,24.582444,121.4113764,
2013-02-01,125.1985433,24.4744649,121.1785764,
2013-03-01,126.2113925,24.5922648,122.0302771,
2013-04-01,126.710874,24.4388792,121.8398817,
2013-05-01,123.7754233,23.6733925,118.7188744,
2013-06-01,120.3576505,22.7955249,115.3649156,10.0003251
2013-07-01,121.5685652,22.9845626,116.6101351,10.0240492
2013-08-01,120.0232451,22.6197301,114.8650304,9.9760624
2013-09-01,121.7626494,23.0593432,116.9919481,10.1995949
2013-10-01,124.7886381,23.5926959,119.1279751,10.4275352
2013-11-01,123.5834962,23.3339894,118.9429435,10.4148281
2013-12-01,125.0815578,23.6194405,120.2137142,10.5034178
2014-01-01,123.0386763,23.2944759,118.1337811,10.3173418
2014-02-01,124.5990858,23.6952986,119.814986,10.4747606
2014-03-01,125.2213998,23.7944394,120.0157275,10.499585100000001
2014-04-01,127.1640481,24.1819845,120.9566244,10.6781271
2014-05-01,128.0024275,24.3589712,121.6864557,10.7517036
2014-06-01,130.4194858,24.7954948,123.9522208,10.9397379
2014-07-01,130.2568709,24.8305921,123.6488898,10.9618284
2014-08-01,133.1456407,25.3775542,125.9517268,11.1579629
2014-09-01,131.9864053,25.1508247,125.5016145,11.0736273
2014-10-01,133.730785,25.4450003,127.3272604,11.2317102
2014-11-01,134.3181492,25.5990753,128.1086485,11.3003704
2014-12-01,134.9132016,25.6453034,128.9401767,11.3481102
2015-01-01,137.01369599999998,26.0308144,130.8495282,11.569234699999999
2015-02-01,139.6428722,26.5805812,134.0008557,11.8632919
2015-03-01,138.4658553,26.3077874,133.2715519,11.8186436
2015-04-01,140.7020862,26.7100154,135.2975531,12.0056994
2015-05-01,141.9678253,26.9537523,136.5508665,12.1012727
2015-06-01,140.9689372,26.7696119,135.704354,11.9898617
2015-07-01,141.2948497,26.7413139,135.9216108,12.0442896
2015-08-01,135.6247772,25.7637674,130.8774948,11.6103032
2015-09-01,133.2773961,25.2250959,128.2048684,11.3720111
2015-10-01,139.910549,26.536274,134.4303444,11.9601731
2015-11-01,143.0739067,27.1028351,137.8954831,12.2575899
2015-12-01,141.2758391,26.7386585,136.140772,12.1459619
2016-01-01,139.091003,26.217128,133.7798622,11.9775625
2016-02-01,141.2327267,26.6526286,135.4601406,12.1811867
2016-03-01,142.1594368,27.0768237,136.0584483,12.2321146
2016-04-01,145.2234642,27.6725339,138.8578426,12.4737131
2016-05-01,148.4686931,28.2494073,141.1418179,12.7541457
2016-06-01,146.7747102,27.8351443,139.2848344,12.6076262
2016-07-01,152.7462222,28.9760532,144.6689594,13.2176645
2016-08-01,155.4292737,29.4378144,147.0279153,13.4434815
2016-09-01,155.9593972,29.6279225,147.8811109,13.510743399999999
2016-10-01,155.6214525,29.567286,147.555427,13.467006
2016-11-01,154.9471922,29.3445972,147.9058896,13.3897558
2016-12-01,155.8759936,29.4107157,148.2634466,13.4370379
2017-01-01,156.0478232,29.5052056,148.2046554,13.503169100000001
2017-02-01,156.9347175,29.6603895,148.8500514,13.646524
2017-03-01,159.3913488,30.0754493,150.7315348,13.8269934
2017-04-01,161.0756152,30.3891254,152.0906335,13.9762598
2017-05-01,163.9279242,30.985946,155.3101394,14.3010139
2017-06-01,164.4144446,31.1378808,155.6699407,14.3304843
2017-07-01,166.4659864,31.5188472,157.2586576,14.5105574
2017-08-01,167.706593,31.705351999999998,158.5020938,14.633586900000001
2017-09-01,172.096093,32.5103496,162.1032765,14.9989514
2017-10-01,175.0766692,32.9453112,164.0700974,15.2609578
2017-11-01,175.5190594,33.0665301,164.4762809,15.3499837
2017-12-01,176.95955800000002,33.3954027,165.9642337,15.456814999999999
2018-01-01,182.2510616,34.492478,171.7193033,16.0119788
2018-02-01,179.8509446,34.1400369,169.6355553,15.8736765
2018-03-01,178.3296584,33.8196699,168.2378146,15.7032317
2018-04-01,178.6627232,33.8633169,168.5575665,15.6695444
2018-05-01,176.6269834,33.338477999999995,167.0657797,15.514227
2018-06-01,174.8088802,33.0975052,165.6843785,15.4013323
2018-07-01,178.6787696,33.8827137,169.1213458,15.6469977
2018-08-01,177.8980301,33.648889,168.223456,15.5963359
2018-09-01,177.7508186,33.7988601,168.3842513,15.5972916
2018-10-01,172.1697966,32.6829928,162.9008656,14.9937011
2018-11-01,176.1992738,33.3622598,166.1019305,15.2435578
2018-12-01,172.1039612,32.7834875,163.0702909,14.9009668
2019-01-01,177.2942492,33.828595,167.6743975,15.4303716
2019-02-01,178.4628299,34.1462716,168.8006938,15.5970045
2019-03-01,181.2722098,34.5928348,171.2653424,15.8334073
2019-04-01,183.3221915,35.0466562,173.6614386,16.1605939
2019-05-01,181.82531699999998,34.7323415,172.8582942,16.0481759
2019-06-01,185.4917276,35.5004351,176.2764382,16.4841287
2019-07-01,187.2690912,35.9088529,178.0519354,16.687352999999998
2019-08-01,188.1368798,35.9769038,179.4312438,16.701499300000002
2019-09-01,189.3707642,36.2286117,180.4632571,16.8519069
2019-10-01,191.5526176,36.680001,182.3881752,17.0577177
2019-11-01,192.3017825,36.791547800000004,183.086593,17.1453233
2019-12-01,194.5162564,37.3569752,185.1676652,17.3543103
2020-01-01,195.5045571,37.5410038,186.6058071,17.6140893
2020-02-01,191.5540641,36.651447999999995,183.1067356,17.2394097
2020-03-01,171.1716648,32.4252481,164.9088379,15.2876412
2020-04-01,175.7503003,33.4600445,169.6071465,15.8156089
2020-05-01,182.2749833,34.8863195,176.7030209,16.6705536
2020-06-01,187.455829,35.8067516,181.9170527,17.2269368
2020-07-01,193.5122276,37.0163262,188.4419306,17.917984099999998
2020-08-01,197.4313974,37.4890669,191.52958,18.2205666
2020-09-01,196.093424,37.2730593,190.6367369,18.1356754
2020-10-01,195.8188594,37.2713258,190.1778434,18.1530911
2020-11-01,208.1027895,39.6280453,201.9752104,19.3895885
2020-12-01,215.6100666,41.0432236,209.0468202,20.1953554
2021-01-01,216.4079049,41.442284,210.34204499999998,20.4393314
2021-02-01,218.3720796,41.6570587,212.4246025,20.6338285
2021-03-01,215.9442806,41.1175651,210.622821,20.1303119
2021-04-01,215.5953667,40.9290682,210.2982024,20.0659097
2021-05-01,224.9877752,42.2495763,218.1213495,20.5740858
2021-06-01,221.3926673,41.6216842,214.4352088,20.2148564
2021-07-01,219.2135921,41.4028713,211.7029519,19.9312417
2021-08-01,221.8265284,41.5248833,213.8399891,19.9262329
2021-09-01,221.7621746,41.6347242,213.8839932,19.8688049
2021-10-01,227.792946,42.7501505,219.6094705,20.2529314
2021-11-01,228.6963123,43.0355795,220.2281496,20.4446706
2021-12-01,229.3265844,43.1557547,220.7156617,20.3934266
2022-01-01,224.8233921,42.6244049,217.1052233,20.1737395
2022-02-01,224.985002,42.3933819,215.7968174,20.3558773
2022-03-01,224.5016695,41.9072224,215.4578761,20.6860654
2022-04-01,218.5826917,40.5400837,208.790409,20.1440331
2022-05-01,213.4019511,39.8406041,202.7649577,19.6619795
2022-06-01,209.4976097,38.7461809,197.2413816,18.7921739
2022-07-01,212.9402535,39.2131898,199.830522,19.1094261
2022-08-01,209.5488195,38.8069992,197.1956875,18.8479021
2022-09-01,208.0131949,38.1570434,195.4857771,18.7353701
2022-10-01,212.7433521,38.9130884,198.9040918,19.3681623
2022-11-01,218.4393451,40.587776,202.9163206,19.657308
2022-12-01,213.5737614,39.7682921,198.8715632,19.2138306
2023-01-01,219.0033608,40.8879763,204.4776515,19.7094298
2023-02-01,216.2281585,40.3157809,200.6571787,19.292923299999998
2023-03-01,218.7494432,40.989712999999995,202.3727146,19.6169814
2023-04-01,218.199627,41.028847,201.6798829,19.4885586
2023-05-01,217.9739069,40.9376993,201.1866893,19.4147049
2023-06-01,221.5859238,41.7765815,205.3938059,19.9181186
2023-07-01,225.0100024,42.57601,209.0415922,20.3439024
2023-08-01,226.1549524,42.5612792,210.5792421,20.4889873
2023-09-01,223.8536361,42.0344923,208.7608547,20.2414731
2023-10-01,221.1698208,41.5947246,206.1510584,20.010261999999997
2023-11-01,224.41947,42.3184742,210.2156031,20.4096193
2023-12-01,232.7840605,43.878004999999995,218.9563568,21.409706999999997
2024-01-01,235.9732138,44.5611326,222.9628273,21.7534218
2024-02-01,238.23295389999998,45.0359417,224.8184706,21.9435963
2024-03-01,236.1382627,44.5731572,223.1505113,21.7093068
2024-04-01,232.7173019,44.1108051,221.60030569999998,21.551056199999998
2024-05-01,237.2119323,44.7621724,224.4022519,21.997592
2024-06-01,239.097443,45.1234379,226.1302561,22.123633599999998
2024-07-01,238.8871483,45.046696700000005,223.8733578,21.970005099999998
2024-08-01,241.6036129,44.965588600000004,225.43634160000002,22.140171099999996
2024-09-01,244.85356670000002,45.714589000000004,227.70138490000002,22.5160747
2024-10-01,243.0137428,45.43241,225.7456699,22.4662695
2024-11-01,245.3239216,45.9826252,226.1533134,22.6249177
2024-12-01,244.41025280000002,45.622371300000005,224.53415819999998,22.5435922
2025-01-01,245.08027529999998,45.0875137,224.53982299999998,22.6283414
2025-02-01,241.8631564,44.5419477,223.2288787,22.450205099999998
2025-03-01,240.278118,44.2751556,223.64660769999998,22.3692844
2025-04-01,238.6667314,44.1515992,224.26852490000002,22.4666469
2025-05-01,241.1119008,44.4986225,227.7570846,22.7925037
2025-06-01,246.6365884,45.5085387,231.3460493,23.344275800000002
2025-07-01,251.0562169,46.3985001,235.10088950000002,23.671346800000002
2025-08-01,254.58519209999997,47.181924699999996,237.872554,24.087346000000004
2025-09-01,261.0845339,48.4639719,244.9300818,24.5623885
2025-10-01,258.25426319999997,47.8930774,242.19584360000002,24.422837599999998
2025-11-01,259.8415249,48.2591977,244.9075975,24.5900129
2025-12-01,270.2664703,50.0640347,252.94525910000002,25.3156676
2026-01-01,291.0001118,53.7182335,265.6422447,26.8819358
2026-02-01,298.7811691,55.5536553,276.5674801,27.7440155
2026-03-01,283.8873368,52.7666179,259.4224627,26.4392241
2026-04-01,295.4869831,55.1370781,268.53250909999997,27.6337258
2026-05-01,303.9796951,57.42532489999999,273.4652895,28.685951799999998
2026-06-01,308.1958475,58.0458017,276.0163966,29.2555856
2026-07-01,298.7891369,56.2601297,267.31015479999996,28.5299172
2026-08-01,306.3017288,57.3656105,276.1115287,29.2247997
