archetype,config,seed,w_stocks,w_mixed,w_debt,w_bonds,w_term,expected_return,sigma,fitness,herfindahl,max_w,min_w,n_at_cap,n_at_floor,c,mu_ca_c,centroid,mode,sigma_max_c,penalty_term,fuzzy_reward,penalty_active,binding,m_h,lambda_eff,generations,converged
conservador,base,0,0.05,0.05,0.4,0.1,0.4,0.0476003,0.0181729,0.0112544,0.335,0.4,0.05,2,2,0.726299,nan,0.156591,0.1025,nan,0,0,0,0,1,2,38,1
conservador,base,1,0.05,0.05,0.4,0.1,0.4,0.0476003,0.0181729,0.0112544,0.335,0.4,0.05,2,2,0.0732066,nan,0.156591,0.1025,nan,0,0,0,0,1,2,38,1
conservador,base,2,0.05,0.05,0.4,0.1,0.4,0.0476003,0.0181729,0.0112544,0.335,0.4,0.05,2,2,0.662535,nan,0.156591,0.1025,nan,0,0,0,0,1,2,36,1
conservador,base,3,0.05,0.05,0.4,0.1,0.4,0.0476003,0.0181729,0.0112544,0.335,0.4,0.05,2,2,0.999511,nan,0.156591,0.1025,nan,0,0,0,0,1,2,40,1
conservador,base,4,0.05,0.05,0.4,0.1,0.4,0.0476003,0.0181729,0.0112544,0.335,0.4,0.05,2,2,0.534832,nan,0.156591,0.1025,nan,0,0,0,0,1,2,33,1
conservador,base,5,0.05,0.05,0.4,0.1,0.4,0.0476003,0.0181729,0.0112544,0.335,0.4,0.05,2,2,0.450484,nan,0.156591,0.1025,nan,0,0,0,0,1,2,35,1
conservador,base,6,0.05,0.05,0.4,0.1,0.4,0.0476003,0.0181729,0.0112544,0.335,0.4,0.05,2,2,0.798217,nan,0.156591,0.1025,nan,0,0,0,0,1,2,38,1
conservador,base,7,0.05,0.05,0.4,0.1,0.4,0.0476003,0.0181729,0.0112544,0.335,0.4,0.05,2,2,0.657855,nan,0.156591,0.1025,nan,0,0,0,0,1,2,32,1
conservador,base,8,0.05,0.05,0.4,0.1,0.4,0.0476003,0.0181729,0.0112544,0.335,0.4,0.05,2,2,0.07855,nan,0.156591,0.1025,nan,0,0,0,0,1,2,36,1
conservador,base,9,0.05,0.05,0.4,0.1,0.4,0.0476003,0.0181729,0.0112544,0.335,0.4,0.05,2,2,0.134602,nan,0.156591,0.1025,nan,0,0,0,0,1,2,38,1
conservador,solo_difuso,0,0.05,0.05,0.4,0.1,0.4,0.0476003,0.0181729,0.0164148,0.335,0.4,0.05,2,2,0.102256,0.777778,0.156591,0.1025,0.0432933,-0,0.0233333,0,0,1.5,3,37,1
conservador,solo_difuso,1,0.05,0.05,0.4,0.1,0.4,0.0476003,0.0181729,0.0164148,0.335,0.4,0.05,2,2,0.00734239,0.777778,0.156591,0.1025,0.0309545,-0,0.0233333,0,0,1.5,3,38,1
conservador,solo_difuso,2,0.05,0.05,0.4,0.1,0.4,0.0476003,0.0181729,0.0164148,0.335,0.4,0.05,2,2,0.128693,0.777778,0.156591,0.1025,0.0467301,-0,0.0233333,0,0,1.5,3,43,1
conservador,solo_difuso,3,0.05,0.05,0.4,0.1,0.4,0.0476003,0.0181729,0.0164148,0.335,0.4,0.05,2,2,0.200477,0.777778,0.156591,0.1025,0.056062,-0,0.0233333,0,0,1.5,3,41,1
conservador,solo_difuso,4,0.05,0.05,0.4,0.1,0.4,0.0476003,0.0181729,0.0164148,0.335,0.4,0.05,2,2,0.0893387,0.777778,0.156591,0.1025,0.041614,-0,0.0233333,0,0,1.5,3,34,1
conservador,solo_difuso,5,0.05,0.05,0.4,0.1,0.4,0.0476003,0.0181729,0.0164148,0.335,0.4,0.05,2,2,0.13919,0.777778,0.156591,0.1025,0.0480947,-0,0.0233333,0,0,1.5,3,35,1
conservador,solo_difuso,6,0.05,0.05,0.4,0.1,0.4,0.0476003,0.0181729,0.0164148,0.335,0.4,0.05,2,2,0.133817,0.777778,0.156591,0.1025,0.0473962,-0,0.0233333,0,0,1.5,3,44,1
conservador,solo_difuso,7,0.05,0.05,0.4,0.1,0.4,0.0476003,0.0181729,0.0164148,0.335,0.4,0.05,2,2,0.0804819,0.777778,0.156591,0.1025,0.0404626,-0,0.0233333,0,0,1.5,3,32,1
conservador,solo_difuso,8,0.05,0.05,0.4,0.1,0.4,0.0476003,0.0181729,0.0164148,0.335,0.4,0.05,2,2,0.098549,0.777778,0.156591,0.1025,0.0428114,-0,0.0233333,0,0,1.5,3,36,1
conservador,solo_difuso,9,0.05,0.05,0.4,0.1,0.4,0.0476003,0.0181729,0.0164148,0.335,0.4,0.05,2,2,0,0.777778,0.156591,0.1025,0.03,-0,0.0233333,0,0,1.5,3,37,1
conservador,solo_contexto,0,0.05,0.05,0.4,0.1,0.4,0.0493453,0.0214148,0.00651577,0.335,0.4,0.05,2,2,0.599903,nan,0.156591,0.1025,nan,0,0,0,0,1,2,37,1
conservador,solo_contexto,1,0.05,0.05,0.4,0.1,0.4,0.0493453,0.0214148,0.00651577,0.335,0.4,0.05,2,2,0.036403,nan,0.156591,0.1025,nan,0,0,0,0,1,2,38,1
conservador,solo_contexto,2,0.05,0.05,0.4,0.1,0.4,0.0493453,0.0214148,0.00651577,0.335,0.4,0.05,2,2,0.639744,nan,0.156591,0.1025,nan,0,0,0,0,1,2,36,1
conservador,solo_contexto,3,0.05,0.05,0.4,0.1,0.4,0.0493453,0.0214148,0.00651577,0.335,0.4,0.05,2,2,0.751435,nan,0.156591,0.1025,nan,0,0,0,0,1,2,40,1
conservador,solo_contexto,4,0.05,0.05,0.4,0.1,0.4,0.0493453,0.0214148,0.00651577,0.335,0.4,0.05,2,2,0.582628,nan,0.156591,0.1025,nan,0,0,0,0,1,2,33,1
conservador,solo_contexto,5,0.05,0.05,0.4,0.1,0.4,0.0493453,0.0214148,0.00651577,0.335,0.4,0.05,2,2,0.535449,nan,0.156591,0.1025,nan,0,0,0,0,1,2,35,1
conservador,solo_contexto,6,0.05,0.05,0.4,0.1,0.4,0.0493453,0.0214148,0.00651577,0.335,0.4,0.05,2,2,0.743127,nan,0.156591,0.1025,nan,0,0,0,0,1,2,41,1
conservador,solo_contexto,7,0.05,0.05,0.4,0.1,0.4,0.0493453,0.0214148,0.00651577,0.335,0.4,0.05,2,2,0.40865,nan,0.156591,0.1025,nan,0,0,0,0,1,2,32,1
conservador,solo_contexto,8,0.05,0.05,0.4,0.1,0.4,0.0493453,0.0214148,0.00651577,0.335,0.4,0.05,2,2,0.156807,nan,0.156591,0.1025,nan,0,0,0,0,1,2,36,1
conservador,solo_contexto,9,0.05,0.05,0.4,0.1,0.4,0.0493453,0.0214148,0.00651577,0.335,0.4,0.05,2,2,0.343611,nan,0.156591,0.1025,nan,0,0,0,0,1,2,37,1
conservador,completo,0,0.05,0.05,0.4,0.1,0.4,0.0493453,0.0214148,0.00843431,0.335,0.4,0.05,2,2,0.173932,0.777778,0.156591,0.1025,0.0526112,-0,0.0233333,0,0,1.5,3,36,1
conservador,completo,1,0.05,0.05,0.4,0.1,0.4,0.0493453,0.0214148,0.00843431,0.335,0.4,0.05,2,2,0.0156725,0.777778,0.156591,0.1025,0.0320374,-0,0.0233333,0,0,1.5,3,38,1
conservador,completo,2,0.05,0.05,0.4,0.1,0.4,0.0493453,0.0214148,0.00843431,0.335,0.4,0.05,2,2,0.0946537,0.777778,0.156591,0.1025,0.042305,-0,0.0233333,0,0,1.5,3,40,1
conservador,completo,3,0.05,0.05,0.4,0.1,0.4,0.0493453,0.0214148,0.00843431,0.335,0.4,0.05,2,2,0.189818,0.777778,0.156591,0.1025,0.0546763,-0,0.0233333,0,0,1.5,3,41,1
conservador,completo,4,0.05,0.05,0.4,0.1,0.4,0.0493453,0.0214148,0.00843431,0.335,0.4,0.05,2,2,0.188207,0.777778,0.156591,0.1025,0.0544669,-0,0.0233333,0,0,1.5,3,34,1
conservador,completo,5,0.05,0.05,0.4,0.1,0.4,0.0493453,0.0214148,0.00843431,0.335,0.4,0.05,2,2,0.0249973,0.777778,0.156591,0.1025,0.0332497,-0,0.0233333,0,0,1.5,3,35,1
conservador,completo,6,0.05,0.05,0.4,0.1,0.4,0.0493453,0.0214148,0.00843431,0.335,0.4,0.05,2,2,0.190799,0.777778,0.156591,0.1025,0.0548039,-0,0.0233333,0,0,1.5,3,43,1
conservador,completo,7,0.05,0.05,0.4,0.1,0.4,0.0493453,0.0214148,0.00843431,0.335,0.4,0.05,2,2,0.131794,0.777778,0.156591,0.1025,0.0471333,-0,0.0233333,0,0,1.5,3,32,1
conservador,completo,8,0.05,0.05,0.4,0.1,0.4,0.0493453,0.0214148,0.00843431,0.335,0.4,0.05,2,2,0.0559575,0.777778,0.156591,0.1025,0.0372745,-0,0.0233333,0,0,1.5,3,47,1
conservador,completo,9,0.05,0.05,0.4,0.1,0.4,0.0493453,0.0214148,0.00843431,0.335,0.4,0.05,2,2,0.0287482,0.777778,0.156591,0.1025,0.0337373,-0,0.0233333,0,0,1.5,3,37,1
moderado,base,0,0.05,0.05,0.4,0.1,0.4,0.0476003,0.0181729,0.0294273,0.335,0.4,0.05,2,2,0.684531,nan,0.730811,0.8625,nan,0,0,0,0,1,1,38,1
moderado,base,1,0.05,0.05,0.4,0.1,0.4,0.0476003,0.0181729,0.0294273,0.335,0.4,0.05,2,2,0.148444,nan,0.730811,0.8625,nan,0,0,0,0,1,1,38,1
moderado,base,2,0.05,0.05,0.4,0.1,0.4,0.0476003,0.0181729,0.0294273,0.335,0.4,0.05,2,2,0.751082,nan,0.730811,0.8625,nan,0,0,0,0,1,1,36,1
moderado,base,3,0.05,0.05,0.4,0.1,0.4,0.0476003,0.0181729,0.0294273,0.335,0.4,0.05,2,2,0.813647,nan,0.730811,0.8625,nan,0,0,0,0,1,1,41,1
moderado,base,4,0.05,0.05,0.4,0.1,0.4,0.0476003,0.0181729,0.0294273,0.335,0.4,0.05,2,2,0.568411,nan,0.730811,0.8625,nan,0,0,0,0,1,1,33,1
moderado,base,5,0.05,0.05,0.4,0.1,0.4,0.0476003,0.0181729,0.0294273,0.335,0.4,0.05,2,2,0.50764,nan,0.730811,0.8625,nan,0,0,0,0,1,1,35,1
moderado,base,6,0.05,0.05,0.4,0.1,0.4,0.0476003,0.0181729,0.0294273,0.335,0.4,0.05,2,2,0.861879,nan,0.730811,0.8625,nan,0,0,0,0,1,1,38,1
moderado,base,7,0.05,0.05,0.4,0.1,0.4,0.0476003,0.0181729,0.0294273,0.335,0.4,0.05,2,2,0.528563,nan,0.730811,0.8625,nan,0,0,0,0,1,1,32,1
moderado,base,8,0.05,0.05,0.4,0.1,0.4,0.0476003,0.0181729,0.0294273,0.335,0.4,0.05,2,2,0.0978484,nan,0.730811,0.8625,nan,0,0,0,0,1,1,36,1
moderado,base,9,0.05,0.05,0.4,0.1,0.4,0.0476003,0.0181729,0.0294273,0.335,0.4,0.05,2,2,0.174802,nan,0.730811,0.8625,nan,0,0,0,0,1,1,38,1
moderado,solo_difuso,0,0.05,0.05,0.4,0.1,0.4,0.0476003,0.0181729,0.0444273,0.335,0.4,0.05,2,2,0.873718,0.5,0.730811,0.8625,0.143583,-0,0.015,0,0,1,1,36,1
moderado,solo_difuso,1,0.05,0.05,0.4,0.1,0.4,0.0476003,0.0181729,0.0444273,0.335,0.4,0.05,2,2,0.729064,0.5,0.730811,0.8625,0.124778,-0,0.015,0,0,1,1,41,1
moderado,solo_difuso,2,0.05,0.05,0.4,0.1,0.4,0.0476003,0.0181729,0.0444273,0.335,0.4,0.05,2,2,0.979513,0.5,0.730811,0.8625,0.157337,-0,0.015,0,0,1,1,39,1
moderado,solo_difuso,3,0.05,0.05,0.4,0.1,0.4,0.0476003,0.0181729,0.0444273,0.335,0.4,0.05,2,2,0.949313,0.5,0.730811,0.8625,0.153411,-0,0.015,0,0,1,1,40,1
moderado,solo_difuso,4,0.05,0.05,0.4,0.1,0.4,0.0476003,0.0181729,0.0444273,0.335,0.4,0.05,2,2,0.761516,0.5,0.730811,0.8625,0.128997,-0,0.015,0,0,1,1,36,1
moderado,solo_difuso,5,0.05,0.05,0.4,0.1,0.4,0.0476003,0.0181729,0.0444273,0.335,0.4,0.05,2,2,0.799147,0.5,0.730811,0.8625,0.133889,-0,0.015,0,0,1,1,45,1
moderado,solo_difuso,6,0.05,0.05,0.4,0.1,0.4,0.0476003,0.0181729,0.0444273,0.335,0.4,0.05,2,2,0.800149,0.5,0.730811,0.8625,0.134019,-0,0.015,0,0,1,1,38,1
moderado,solo_difuso,7,0.05,0.05,0.4,0.1,0.4,0.0476003,0.0181729,0.0444273,0.335,0.4,0.05,2,2,0.871166,0.5,0.730811,0.8625,0.143252,-0,0.015,0,0,1,1,32,1
moderado,solo_difuso,8,0.05,0.05,0.4,0.1,0.4,0.0476003,0.0181729,0.0444273,0.335,0.4,0.05,2,2,0.876809,0.5,0.730811,0.8625,0.143985,-0,0.015,0,0,1,1,36,1
moderado,solo_difuso,9,0.05,0.05,0.4,0.1,0.4,0.0476003,0.0181729,0.0444273,0.335,0.4,0.05,2,2,0.817806,0.5,0.730811,0.8625,0.136315,-0,0.015,0,0,1,1,40,1
moderado,solo_contexto,0,0.05,0.0610092,0.4,0.0889908,0.4,0.0496155,0.0216665,0.0279491,0.334141,0.4,0.05,2,1,0.531449,nan,0.730811,0.8625,nan,0,0,0,0,1,1,44,1
moderado,solo_contexto,1,0.05,0.0610109,0.4,0.0889891,0.4,0.0496156,0.0216665,0.0279491,0.334141,0.4,0.05,2,1,0.168704,nan,0.730811,0.8625,nan,0,0,0,0,1,1,46,1
moderado,solo_contexto,2,0.05,0.0610155,0.4,0.0889845,0.4,0.0496157,0.0216666,0.0279491,0.334141,0.4,0.05,2,1,0.661915,nan,0.730811,0.8625,nan,0,0,0,0,1,1,45,1
moderado,solo_contexto,3,0.05,0.0610087,0.4,0.0889913,0.4,0.0496155,0.0216664,0.0279491,0.334142,0.4,0.05,2,1,0.867065,nan,0.730811,0.8625,nan,0,0,0,0,1,1,45,1
moderado,solo_contexto,4,0.05,0.0610182,0.4,0.0889818,0.4,0.0496157,0.0216667,0.0279491,0.334141,0.4,0.05,2,1,0.511564,nan,0.730811,0.8625,nan,0,0,0,0,1,1,45,1
moderado,solo_contexto,5,0.05,0.0609927,0.4,0.0890073,0.4,0.0496151,0.021666,0.0279491,0.334142,0.4,0.05,2,1,0.417476,nan,0.730811,0.8625,nan,0,0,0,0,1,1,47,1
moderado,solo_contexto,6,0.05,0.0609898,0.4,0.0890102,0.4,0.049615,0.021666,0.0279491,0.334143,0.4,0.05,2,1,0.682101,nan,0.730811,0.8625,nan,0,0,0,0,1,1,51,1
moderado,solo_contexto,7,0.05,0.0610091,0.4,0.0889909,0.4,0.0496155,0.0216664,0.0279491,0.334141,0.4,0.05,2,1,0.533242,nan,0.730811,0.8625,nan,0,0,0,0,1,1,44,1
moderado,solo_contexto,8,0.05,0.0609926,0.4,0.0890074,0.4,0.0496151,0.021666,0.0279491,0.334142,0.4,0.05,2,1,0.109726,nan,0.730811,0.8625,nan,0,0,0,0,1,1,46,1
moderado,solo_contexto,9,0.05,0.0610154,0.4,0.0889846,0.4,0.0496157,0.0216666,0.0279491,0.334141,0.4,0.05,2,1,0.151817,nan,0.730811,0.8625,nan,0,0,0,0,1,1,45,1
moderado,completo,0,0.05,0.0610094,0.4,0.0889906,0.4,0.0496155,0.0216665,0.0429491,0.334141,0.4,0.05,2,1,0.859942,0.5,0.730811,0.8625,0.141792,-0,0.015,0,0,1,1,42,1
moderado,completo,1,0.05,0.0609897,0.4,0.0890103,0.4,0.049615,0.021666,0.0429491,0.334143,0.4,0.05,2,1,0.805592,0.5,0.730811,0.8625,0.134727,-0,0.015,0,0,1,1,44,1
moderado,completo,2,0.05,0.0610093,0.4,0.0889907,0.4,0.0496155,0.0216665,0.0429491,0.334141,0.4,0.05,2,1,0.939574,0.5,0.730811,0.8625,0.152145,-0,0.015,0,0,1,1,44,1
moderado,completo,3,0.05,0.0610097,0.4,0.0889903,0.4,0.0496155,0.0216665,0.0429491,0.334141,0.4,0.05,2,1,0.911073,0.5,0.730811,0.8625,0.148439,-0,0.015,0,0,1,1,50,1
moderado,completo,4,0.05,0.0610118,0.4,0.0889882,0.4,0.0496156,0.0216665,0.0429491,0.334141,0.4,0.05,2,1,0.843172,0.5,0.730811,0.8625,0.139612,-0,0.015,0,0,1,1,43,1
moderado,completo,5,0.05,0.0610254,0.4,0.0889746,0.4,0.0496159,0.0216668,0.0429491,0.334141,0.4,0.05,2,1,0.903071,0.5,0.730811,0.8625,0.147399,-0,0.015,0,0,1,1,48,1
moderado,completo,6,0.05,0.0610011,0.4,0.0889989,0.4,0.0496153,0.0216663,0.0429491,0.334142,0.4,0.05,2,1,0.878219,0.5,0.730811,0.8625,0.144169,-0,0.015,0,0,1,1,42,1
moderado,completo,7,0.05,0.0610085,0.4,0.0889915,0.4,0.0496155,0.0216664,0.0429491,0.334142,0.4,0.05,2,1,0.843819,0.5,0.730811,0.8625,0.139696,-0,0.015,0,0,1,1,44,1
moderado,completo,8,0.05,0.0607204,0.4,0.0892796,0.4,0.0496084,0.0216594,0.0429491,0.334158,0.4,0.05,2,1,0.966796,0.5,0.730811,0.8625,0.155683,-0,0.015,0,0,1,1,40,1
moderado,completo,9,0.05,0.0609862,0.4,0.0890138,0.4,0.049615,0.0216659,0.0429491,0.334143,0.4,0.05,2,1,0.819475,0.5,0.730811,0.8625,0.136532,-0,0.015,0,0,1,1,55,1
agresivo,base,0,0.05,0.0880108,0.2549,0.207089,0.4,0.0514758,0.0255595,0.038696,0.278106,0.4,0.05,1,1,0.161255,nan,0.853031,0.925,nan,0,0,0,0,1,0.5,85,1
agresivo,base,1,0.05,0.0880226,0.25485,0.207128,0.4,0.0514771,0.0255622,0.038696,0.278098,0.4,0.05,1,1,0.628905,nan,0.853031,0.925,nan,0,0,0,0,1,0.5,88,1
agresivo,base,2,0.05,0.087989,0.254826,0.207185,0.4,0.0514776,0.0255631,0.038696,0.278104,0.4,0.05,1,1,0.534581,nan,0.853031,0.925,nan,0,0,0,0,1,0.5,37,1
agresivo,base,3,0.05,0.0879857,0.254895,0.207119,0.4,0.0514758,0.0255596,0.038696,0.278111,0.4,0.05,1,1,0.469864,nan,0.853031,0.925,nan,0,0,0,0,1,0.5,104,1
agresivo,base,4,0.05,0.0882451,0.253827,0.207928,0.4,0.0515042,0.0256165,0.038696,0.277949,0.4,0.05,1,1,0.811711,nan,0.853031,0.925,nan,0,0,0,0,1,0.5,113,1
agresivo,base,5,0.05,0.0881308,0.25453,0.20734,0.4,0.0514858,0.0255795,0.038696,0.278042,0.4,0.05,1,1,0.217852,nan,0.853031,0.925,nan,0,0,0,0,1,0.5,62,1
agresivo,base,6,0.05,0.0878814,0.254894,0.207225,0.4,0.0514754,0.0255588,0.038696,0.278136,0.4,0.05,1,1,0.651766,nan,0.853031,0.925,nan,0,0,0,0,1,0.5,138,1
agresivo,base,7,0.05,0.0877787,0.255131,0.20709,0.4,0.0514689,0.0255458,0.038696,0.278183,0.4,0.05,1,1,0.746651,nan,0.853031,0.925,nan,0,0,0,0,1,0.5,77,1
agresivo,base,8,0.05,0.0877997,0.254875,0.207326,0.4,0.0514755,0.0255591,0.038696,0.278154,0.4,0.05,1,1,0.368186,nan,0.853031,0.925,nan,0,0,0,0,1,0.5,74,1
agresivo,base,9,0.05,0.0879523,0.254887,0.20716,0.4,0.0514758,0.0255597,0.038696,0.278119,0.4,0.05,1,1,0.149265,nan,0.853031,0.925,nan,0,0,0,0,1,0.5,87,1
agresivo,solo_difuso,0,0.392164,0.107836,0.05,0.4,0.05,0.0827325,0.102933,0.0767061,0.330421,0.4,0.05,1,2,0.957997,1,0.853031,0.925,0.15454,-0,0.03,0,0,0.7,0.35,43,1
agresivo,solo_difuso,1,0.392218,0.107782,0.05,0.4,0.05,0.0827353,0.102941,0.0767061,0.330452,0.4,0.05,1,2,0.900588,1,0.853031,0.925,0.147076,-0,0.03,0,0,0.7,0.35,62,1
agresivo,solo_difuso,2,0.392009,0.107991,0.05,0.4,0.05,0.0827243,0.102909,0.0767061,0.330333,0.4,0.05,1,2,0.97091,1,0.853031,0.925,0.156218,-0,0.03,0,0,0.7,0.35,58,1
agresivo,solo_difuso,3,0.392024,0.107976,0.05,0.4,0.05,0.0827252,0.102912,0.0767061,0.330342,0.4,0.05,1,2,0.947889,1,0.853031,0.925,0.153226,-0,0.03,0,0,0.7,0.35,55,1
agresivo,solo_difuso,4,0.392003,0.107997,0.05,0.4,0.05,0.082724,0.102908,0.0767061,0.33033,0.4,0.05,1,2,0.983195,1,0.853031,0.925,0.157815,-0,0.03,0,0,0.7,0.35,44,1
agresivo,solo_difuso,5,0.392044,0.107956,0.05,0.4,0.05,0.0827262,0.102915,0.0767061,0.330353,0.4,0.05,1,2,0.888402,1,0.853031,0.925,0.145492,-0,0.03,0,0,0.7,0.35,56,1
agresivo,solo_difuso,6,0.391998,0.108002,0.05,0.4,0.05,0.0827238,0.102908,0.0767061,0.330327,0.4,0.05,1,2,0.969961,1,0.853031,0.925,0.156095,-0,0.03,0,0,0.7,0.35,65,1
agresivo,solo_difuso,7,0.392001,0.107999,0.05,0.4,0.05,0.0827239,0.102908,0.0767061,0.330328,0.4,0.05,1,2,0.940297,1,0.853031,0.925,0.152239,-0,0.03,0,0,0.7,0.35,37,1
agresivo,solo_difuso,8,0.392,0.108,0.05,0.4,0.05,0.0827239,0.102908,0.0767061,0.330328,0.4,0.05,1,2,0.945062,1,0.853031,0.925,0.152858,-0,0.03,0,0,0.7,0.35,57,1
agresivo,solo_difuso,9,0.392062,0.107938,0.05,0.4,0.05,0.0827271,0.102917,0.0767061,0.330363,0.4,0.05,1,2,0.922088,1,0.853031,0.925,0.149871,-0,0.03,0,0,0.7,0.35,56,1
agresivo,solo_contexto,0,0.05,0.172909,0.4,0.05,0.327091,0.053427,0.0284105,0.0392218,0.301886,0.4,0.05,1,2,0.490103,nan,0.853031,0.925,nan,0,0,0,0,1,0.5,47,1
agresivo,solo_contexto,1,0.05,0.172889,0.4,0.05,0.327111,0.0534262,0.0284089,0.0392218,0.301892,0.4,0.05,1,2,0.748717,nan,0.853031,0.925,nan,0,0,0,0,1,0.5,58,1
agresivo,solo_contexto,2,0.05,0.172892,0.4,0.05,0.327108,0.0534263,0.0284091,0.0392218,0.301891,0.4,0.05,1,2,0.342262,nan,0.853031,0.925,nan,0,0,0,0,1,0.5,47,1
agresivo,solo_contexto,3,0.05,0.172844,0.4,0.05,0.327156,0.0534244,0.0284053,0.0392218,0.301906,0.4,0.05,1,2,0.609343,nan,0.853031,0.925,nan,0,0,0,0,1,0.5,93,1
agresivo,solo_contexto,4,0.05,0.172896,0.4,0.05,0.327104,0.0534265,0.0284094,0.0392218,0.30189,0.4,0.05,1,2,0.359061,nan,0.853031,0.925,nan,0,0,0,0,1,0.5,50,1
agresivo,solo_contexto,5,0.05,0.172872,0.4,0.05,0.327128,0.0534256,0.0284076,0.0392218,0.301897,0.4,0.05,1,2,0.447253,nan,0.853031,0.925,nan,0,0,0,0,1,0.5,72,1
agresivo,solo_contexto,6,0.05,0.172887,0.4,0.05,0.327113,0.0534261,0.0284087,0.0392218,0.301893,0.4,0.05,1,2,0.527925,nan,0.853031,0.925,nan,0,0,0,0,1,0.5,98,1
agresivo,solo_contexto,7,0.05,0.172891,0.4,0.05,0.327109,0.0534263,0.028409,0.0392218,0.301892,0.4,0.05,1,2,0.798525,nan,0.853031,0.925,nan,0,0,0,0,1,0.5,47,1
agresivo,solo_contexto,8,0.05,0.172756,0.4,0.05,0.327244,0.053421,0.0283984,0.0392218,0.301933,0.4,0.05,1,2,0.155362,nan,0.853031,0.925,nan,0,0,0,0,1,0.5,56,1
agresivo,solo_contexto,9,0.05,0.171186,0.4,0.05,0.328814,0.0533595,0.0282756,0.0392217,0.302423,0.4,0.05,1,2,0.389313,nan,0.853031,0.925,nan,0,0,0,0,1,0.5,47,1
agresivo,completo,0,0.0837459,0.4,0.4,0.0662541,0.05,0.0654577,0.0553298,0.0760923,0.333903,0.4,0.05,2,1,0.900473,1,0.853031,0.925,0.147061,-0,0.03,0,0,0.7,0.35,43,1
agresivo,completo,1,0.0837504,0.4,0.4,0.0662496,0.05,0.0654581,0.0553307,0.0760923,0.333903,0.4,0.05,2,1,0.893746,1,0.853031,0.925,0.146187,-0,0.03,0,0,0.7,0.35,50,1
agresivo,completo,2,0.0837445,0.4,0.4,0.0662555,0.05,0.0654576,0.0553295,0.0760923,0.333903,0.4,0.05,2,1,0.960303,1,0.853031,0.925,0.154839,-0,0.03,0,0,0.7,0.35,45,1
agresivo,completo,3,0.0837447,0.4,0.4,0.0662553,0.05,0.0654577,0.0553296,0.0760923,0.333903,0.4,0.05,2,1,0.99973,1,0.853031,0.925,0.159965,-0,0.03,0,0,0.7,0.35,47,1
agresivo,completo,4,0.0837416,0.4,0.4,0.0662584,0.05,0.0654574,0.0553289,0.0760923,0.333903,0.4,0.05,2,1,0.876397,1,0.853031,0.925,0.143932,-0,0.03,0,0,0.7,0.35,41,1
agresivo,completo,5,0.0837494,0.4,0.4,0.0662506,0.05,0.065458,0.0553305,0.0760923,0.333903,0.4,0.05,2,1,0.884951,1,0.853031,0.925,0.145044,-0,0.03,0,0,0.7,0.35,40,1
agresivo,completo,6,0.0837441,0.4,0.4,0.0662559,0.05,0.0654576,0.0553294,0.0760923,0.333903,0.4,0.05,2,1,0.950769,1,0.853031,0.925,0.1536,-0,0.03,0,0,0.7,0.35,44,1
agresivo,completo,7,0.0837463,0.4,0.4,0.0662537,0.05,0.0654578,0.0553299,0.0760923,0.333903,0.4,0.05,2,1,0.871482,1,0.853031,0.925,0.143293,-0,0.03,0,0,0.7,0.35,42,1
agresivo,completo,8,0.0837516,0.4,0.4,0.0662484,0.05,0.0654582,0.055331,0.0760923,0.333903,0.4,0.05,2,1,0.94305,1,0.853031,0.925,0.152596,-0,0.03,0,0,0.7,0.35,42,1
agresivo,completo,9,0.0837691,0.4,0.4,0.0662309,0.05,0.0654594,0.0553345,0.0760923,0.333904,0.4,0.05,2,1,0.946439,1,0.853031,0.925,0.153037,-0,0.03,0,0,0.7,0.35,46,1
