archetype,config,n,w_stocks_mean,w_stocks_sd,w_mixed_mean,w_mixed_sd,w_debt_mean,w_debt_sd,w_bonds_mean,w_bonds_sd,w_term_mean,w_term_sd,expected_return_mean,expected_return_sd,sigma_mean,sigma_sd,fitness_mean,fitness_sd,herfindahl_mean,herfindahl_sd,max_w_mean,max_w_sd,n_at_cap_mean,n_at_cap_sd,c_mean,c_sd,mu_ca_c_mean,mu_ca_c_sd,centroid_mean,centroid_sd,mode_mean,mode_sd,sigma_max_c_mean,sigma_max_c_sd,penalty_term_mean,penalty_term_sd,fuzzy_reward_mean,fuzzy_reward_sd,penalty_active_mean,penalty_active_sd,binding_mean,binding_sd,m_h_mean,m_h_sd,lambda_eff_mean,lambda_eff_sd,generations_mean,generations_sd,converged_mean,converged_sd
conservador,base,10,0.00967466,1.1033e-07,0,0,0.4,0,0.190325,1.1033e-07,0.4,0,0.0451163,6.23055e-09,0.0146047,3.11529e-09,0.0159069,7.03016e-14,0.356317,3.98624e-08,0.4,0,2,0,0.45483,0.20621,nan,nan,0.156591,0,0.1025,0,nan,nan,0,0,0,0,0,0,0,0,1,0,2,0,45.7,2.83039,1,0
conservador,solo_difuso,10,0.00640561,7.78319e-07,2.23413e-11,7.06493e-11,0.4,4.57008e-16,0.193594,7.78332e-07,0.4,7.40962e-14,0.0449317,4.39532e-08,0.0145277,1.46517e-08,0.0246818,4.87974e-12,0.35752,2.9139e-07,0.4,4.57008e-16,2,0,0.0675621,0.0383199,0.777778,0,0.156591,0,0.1025,0,0.0387831,0.00498158,0,0,0.0233333,0,0,0,0,0,1.5,0,3,0,50.4,5.16828,1,0
conservador,solo_contexto,10,0.00621599,5.18268e-07,1.94149e-11,6.13953e-11,0.4,9.25186e-17,0.193784,5.18279e-07,0.4,2.00148e-16,0.0449931,3.69933e-08,0.0159301,1.84951e-08,0.0131329,3.11456e-12,0.357591,1.94426e-07,0.4,9.25186e-17,2,0,0.454498,0.279672,nan,nan,0.156591,0,0.1025,0,nan,nan,0,0,0,0,0,0,0,0,1,0,2,0,53,15.3768,1,0
conservador,completo,10,1.92265e-12,6.07994e-12,0.00808993,3.03477e-07,0.4,3.70074e-17,0.19191,3.0348e-07,0.4,6.49741e-16,0.0447575,7.80396e-09,0.01583,2.60122e-09,0.0206009,3.21208e-13,0.356895,1.11572e-07,0.4,3.70074e-17,2,0,0.0849646,0.0382829,0.777778,0,0.156591,0,0.1025,0,0.0410454,0.00497678,0,0,0.0233333,0,0,0,0,0,1.5,0,3,0,49,6.9602,1,0
moderado,base,10,0.0199645,7.29604e-06,1.29631e-13,4.09841e-13,0.4,1.85037e-17,0.180036,7.29604e-06,0.4,3.70074e-17,0.0456974,4.12021e-07,0.0150427,4.12204e-07,0.0306547,1.97177e-10,0.352811,2.33557e-06,0.4,0,2,0,0.532564,0.229396,nan,nan,0.730811,0,0.8625,0,nan,nan,0,0,0,0,0,0,0,0,1,0,1,0,47.7,5.05635,1,0
moderado,solo_difuso,10,0.0199631,2.95458e-06,0,0,0.4,0,0.180037,2.95458e-06,0.4,0,0.0456973,1.66851e-07,0.0150426,1.66882e-07,0.0456547,3.26625e-11,0.352812,9.45868e-07,0.4,0,2,0,0.916764,0.056032,0.5,0,0.730811,0,0.8625,0,0.149179,0.00728416,0,0,0.015,3.65712e-18,0,0,0,0,1,0,1,0,52.3,7.86059,1,0
moderado,solo_contexto,10,0.0152812,3.03608e-06,2.7499e-17,8.69596e-17,0.4,0,0.184719,3.03608e-06,0.4,0,0.0456402,2.1671e-07,0.0164178,2.16655e-07,0.0292223,5.50761e-11,0.354355,1.0289e-06,0.4,0,2,0,0.528169,0.266786,nan,nan,0.730811,0,0.8625,0,nan,nan,0,0,0,0,0,0,0,0,1,0,1,0,50.4,9.00864,1,0
moderado,completo,10,0.0152821,4.27407e-07,0,0,0.4,0,0.184718,4.27407e-07,0.4,0,0.0456402,3.05075e-08,0.0164179,3.05067e-08,0.0442223,8.99019e-13,0.354354,1.44837e-07,0.4,0,2,0,0.870038,0.05881,0.5,0,0.730811,0,0.8625,0,0.143105,0.0076453,0,0,0.015,3.65712e-18,0,0,0,0,1,0,1,0,49,11.1555,1,0
agresivo,base,10,0.0460071,1.73072e-05,1.46924e-11,2.3603e-11,0.399596,0.000220295,0.154397,0.00021429,0.4,5.97873e-16,0.0471784,6.08569e-06,0.0173225,1.2174e-05,0.0385172,1.80814e-09,0.345632,0.000109404,0.4,5.97873e-16,1,0,0.440271,0.221599,nan,nan,0.853031,1.17028e-16,0.925,1.17028e-16,nan,nan,0,0,0,0,0,0,0,0,1,0,0.5,0,103.7,30.5398,1,0
agresivo,solo_difuso,10,0.4,0,0,0,0,0,0.4,0,0.2,1.02608e-16,0.0811814,1.30841e-17,0.0983098,0,0.0767729,1.30841e-17,0.36,4.13756e-17,0.4,0,2,0,0.944466,0.0435861,1,0,0.853031,1.17028e-16,0.925,1.17028e-16,0.152781,0.0056662,0,0,0.03,7.31424e-18,0,0,0,0,0.7,0,0.35,0,46.5,7.38241,1,0
agresivo,solo_contexto,10,0.0383113,1.37609e-05,6.42751e-14,2.03256e-13,0.4,0,0.161689,1.37609e-05,0.4,1.85037e-17,0.047284,9.82231e-07,0.0189425,1.96502e-06,0.0378128,2.80928e-10,0.347611,3.39505e-06,0.4,0,2,0,0.511173,0.274444,nan,nan,0.853031,1.17028e-16,0.925,1.17028e-16,nan,nan,0,0,0,0,0,0,0,0,1,0,0.5,0,51.9,11.4547,1,0
agresivo,completo,10,0.0766229,2.99722e-05,1.34556e-10,2.53961e-10,0.4,3.8075e-14,0.123377,3.00136e-05,0.4,8.93781e-08,0.0500186,2.13876e-06,0.0257629,6.11102e-06,0.0710016,2.32416e-10,0.341093,2.77919e-06,0.4,3.8075e-14,2,0,0.965043,0.0185126,1,0,0.853031,1.17028e-16,0.925,1.17028e-16,0.155456,0.00240663,0,0,0.03,7.31424e-18,0,0,0,0,0.7,0,0.35,0,89.7,25.6517,1,0
