archetype,config,generation,best,mean
conservador,base,0,0.0127298,-0.0563153
conservador,base,1,0.0127298,-0.0252398
conservador,base,2,0.0127298,-0.00923614
conservador,base,3,0.0127298,0.00165972
conservador,base,4,0.0129851,0.00813537
conservador,base,5,0.0139244,0.0106218
conservador,base,6,0.014084,0.0119084
conservador,base,7,0.0141502,0.0127115
conservador,base,8,0.0144053,0.0132026
conservador,base,9,0.0146052,0.0132732
conservador,base,10,0.0158316,0.0139198
conservador,base,11,0.0158316,0.0144414
conservador,base,12,0.0158316,0.0144608
conservador,base,13,0.0160785,0.0150221
conservador,base,14,0.0160785,0.0150642
conservador,base,15,0.0160883,0.0152723
conservador,base,16,0.0160883,0.0152053
conservador,base,17,0.0161088,0.0157124
conservador,base,18,0.0161088,0.0158469
conservador,base,19,0.0161197,0.0158019
conservador,base,20,0.0161197,0.0150611
conservador,base,21,0.0161197,0.0157025
conservador,base,22,0.0161222,0.0156628
conservador,base,23,0.0161225,0.0157497
conservador,base,24,0.0161225,0.0157585
conservador,base,25,0.0161226,0.0157501
conservador,base,26,0.0161226,0.0157455
conservador,base,27,0.0161229,0.0160301
conservador,base,28,0.0161229,0.0153867
conservador,base,29,0.016123,0.0158256
conservador,base,30,0.016123,0.0159926
conservador,base,31,0.016123,0.0155226
conservador,base,32,0.016123,0.015948
conservador,base,33,0.016123,0.0158755
conservador,base,34,0.016123,0.015548
conservador,base,35,0.016123,0.0156218
conservador,base,36,0.016123,0.0154156
conservador,base,37,0.016123,0.0159402
conservador,base,38,0.016123,0.0156986
conservador,base,39,0.016123,0.0158057
conservador,base,40,0.016123,0.0158784
conservador,base,41,0.016123,0.0156562
conservador,base,42,0.016123,0.0158169
conservador,base,43,0.016123,0.0153561
conservador,base,44,0.016123,0.0156687
conservador,base,45,0.016123,0.0159857
conservador,base,46,0.016123,0.0156852
conservador,base,47,0.016123,0.0157596
conservador,base,48,0.016123,0.0156697
conservador,base,49,0.016123,0.0152784
conservador,base,50,0.016123,0.0153866
conservador,base,51,0.016123,0.0157973
conservador,base,52,0.016123,0.0153092
conservador,base,53,0.016123,0.0150635
conservador,base,54,0.016123,0.0154591
conservador,base,55,0.016123,0.0158121
conservador,base,56,0.016123,0.0153584
conservador,base,57,0.016123,0.015486
conservador,base,58,0.016123,0.0153523
conservador,base,59,0.016123,0.0157705
conservador,base,60,0.016123,0.0158698
conservador,base,61,0.016123,0.0155488
conservador,base,62,0.016123,0.0156411
conservador,base,63,0.016123,0.015775
conservador,base,64,0.016123,0.0154374
conservador,base,65,0.016123,0.0157909
conservador,base,66,0.016123,0.0158078
conservador,base,67,0.016123,0.0157796
conservador,base,68,0.016123,0.0154635
conservador,base,69,0.016123,0.01567
conservador,base,70,0.016123,0.0158976
conservador,base,71,0.016123,0.0158055
conservador,base,72,0.016123,0.0155371
conservador,base,73,0.016123,0.0160172
conservador,base,74,0.016123,0.0155291
conservador,base,75,0.016123,0.0156102
conservador,base,76,0.016123,0.0158049
conservador,base,77,0.016123,0.0158828
conservador,solo_difuso,0,0.0200645,-0.125253
conservador,solo_difuso,1,0.0200645,-0.0471156
conservador,solo_difuso,2,0.0200645,-0.0180311
conservador,solo_difuso,3,0.0201934,0.00106231
conservador,solo_difuso,4,0.0212825,0.0125134
conservador,solo_difuso,5,0.0228113,0.0168631
conservador,solo_difuso,6,0.0231879,0.018781
conservador,solo_difuso,7,0.0231879,0.0202073
conservador,solo_difuso,8,0.0231879,0.02112
conservador,solo_difuso,9,0.0233035,0.0210037
conservador,solo_difuso,10,0.0234367,0.0222357
conservador,solo_difuso,11,0.0237098,0.0229003
conservador,solo_difuso,12,0.0238003,0.0222855
conservador,solo_difuso,13,0.0238003,0.0232081
conservador,solo_difuso,14,0.0238003,0.022479
conservador,solo_difuso,15,0.0238003,0.0227423
conservador,solo_difuso,16,0.0238027,0.0214852
conservador,solo_difuso,17,0.0238027,0.0231919
conservador,solo_difuso,18,0.0238027,0.0229944
conservador,solo_difuso,19,0.0238052,0.0231831
conservador,solo_difuso,20,0.0238052,0.021605
conservador,solo_difuso,21,0.0238052,0.0225036
conservador,solo_difuso,22,0.0238052,0.0226952
conservador,solo_difuso,23,0.0238052,0.0228953
conservador,solo_difuso,24,0.0238054,0.0230794
conservador,solo_difuso,25,0.0238054,0.0229368
conservador,solo_difuso,26,0.0238054,0.022891
conservador,solo_difuso,27,0.0238054,0.0234912
conservador,solo_difuso,28,0.0238054,0.0221635
conservador,solo_difuso,29,0.0238054,0.0231527
conservador,solo_difuso,30,0.0238055,0.0233655
conservador,solo_difuso,31,0.0238055,0.0226167
conservador,solo_difuso,32,0.0238055,0.0232635
conservador,solo_difuso,33,0.0238055,0.0228401
conservador,solo_difuso,34,0.0238055,0.0223675
conservador,solo_difuso,35,0.0238055,0.0226781
conservador,solo_difuso,36,0.0238055,0.0219897
conservador,solo_difuso,37,0.0238055,0.0233515
conservador,solo_difuso,38,0.0238055,0.0228031
conservador,solo_difuso,39,0.0238055,0.0228746
conservador,solo_difuso,40,0.0238055,0.0226426
conservador,solo_difuso,41,0.0238055,0.0228809
conservador,solo_difuso,42,0.0238055,0.0225936
conservador,solo_difuso,43,0.0238055,0.0222535
conservador,solo_difuso,44,0.0238055,0.0227114
conservador,solo_difuso,45,0.0238055,0.0234426
conservador,solo_difuso,46,0.0238055,0.02243
conservador,solo_difuso,47,0.0238055,0.0230433
conservador,solo_difuso,48,0.0238055,0.0229748
conservador,solo_difuso,49,0.0238055,0.0219289
conservador,solo_difuso,50,0.0238055,0.0220168
conservador,solo_difuso,51,0.0238055,0.0231637
conservador,solo_difuso,52,0.0238055,0.0221483
conservador,solo_difuso,53,0.0238055,0.0209134
conservador,solo_difuso,54,0.0238055,0.022067
conservador,solo_difuso,55,0.0238055,0.0228727
conservador,solo_difuso,56,0.0238055,0.0222753
conservador,solo_difuso,57,0.0238055,0.022365
conservador,solo_difuso,58,0.0238055,0.0218818
conservador,solo_difuso,59,0.0238055,0.0229819
conservador,solo_difuso,60,0.0238055,0.0231515
conservador,solo_difuso,61,0.0238055,0.0223741
conservador,solo_difuso,62,0.0238055,0.0225431
conservador,solo_difuso,63,0.0238055,0.0230946
conservador,solo_difuso,64,0.0238055,0.0225471
conservador,solo_difuso,65,0.0238055,0.0231056
conservador,solo_difuso,66,0.0238055,0.0231318
conservador,solo_difuso,67,0.0238055,0.0230864
conservador,solo_contexto,0,0.00684785,-0.0832511
conservador,solo_contexto,1,0.00684785,-0.0422103
conservador,solo_contexto,2,0.00684785,-0.0218132
conservador,solo_contexto,3,0.00685146,-0.00790202
conservador,solo_contexto,4,0.0075972,0.000748994
conservador,solo_contexto,5,0.0089107,0.00420582
conservador,solo_contexto,6,0.00917188,0.00607604
conservador,solo_contexto,7,0.00917188,0.0071596
conservador,solo_contexto,8,0.00917188,0.00778076
conservador,solo_contexto,9,0.00943315,0.00779324
conservador,solo_contexto,10,0.0102266,0.00858918
conservador,solo_contexto,11,0.0102266,0.0091427
conservador,solo_contexto,12,0.0102266,0.0090745
conservador,solo_contexto,13,0.0102371,0.00957931
conservador,solo_contexto,14,0.0102371,0.00935896
conservador,solo_contexto,15,0.0103311,0.00942644
conservador,solo_contexto,16,0.0103311,0.00917372
conservador,solo_contexto,17,0.0103311,0.0098282
conservador,solo_contexto,18,0.0103311,0.00998553
conservador,solo_contexto,19,0.0103335,0.00990327
conservador,solo_contexto,20,0.0103335,0.00883484
conservador,solo_contexto,21,0.0103335,0.00973696
conservador,solo_contexto,22,0.0103335,0.00968994
conservador,solo_contexto,23,0.0103335,0.00977049
conservador,solo_contexto,24,0.010334,0.00977978
conservador,solo_contexto,25,0.0103346,0.00975599
conservador,solo_contexto,26,0.0103346,0.00978528
conservador,solo_contexto,27,0.0103353,0.0101352
conservador,solo_contexto,28,0.0103353,0.00924737
conservador,solo_contexto,29,0.0103353,0.00989273
conservador,solo_contexto,30,0.0103353,0.0100495
conservador,solo_contexto,31,0.0103353,0.00948458
conservador,solo_contexto,32,0.0103353,0.0100909
conservador,solo_contexto,33,0.0103353,0.00997462
conservador,solo_contexto,34,0.0103353,0.00953098
conservador,solo_contexto,35,0.0103353,0.00960606
conservador,solo_contexto,36,0.0103354,0.00934941
conservador,solo_contexto,37,0.0103354,0.0100506
conservador,solo_contexto,38,0.0103354,0.00968085
conservador,solo_contexto,39,0.0103354,0.0098747
conservador,solo_contexto,40,0.0103354,0.00998743
conservador,solo_contexto,41,0.0103354,0.00963595
conservador,solo_contexto,42,0.0103354,0.00988946
conservador,solo_contexto,43,0.0103354,0.00927364
conservador,solo_contexto,44,0.0103354,0.00968956
conservador,solo_contexto,45,0.0103354,0.0101041
conservador,solo_contexto,46,0.0103354,0.00970361
conservador,solo_contexto,47,0.0103354,0.00981005
conservador,solo_contexto,48,0.0103354,0.00970611
conservador,solo_contexto,49,0.0103354,0.00910761
conservador,solo_contexto,50,0.0103354,0.00926274
conservador,solo_contexto,51,0.0103354,0.00984322
conservador,solo_contexto,52,0.0103354,0.00908942
conservador,solo_contexto,53,0.0103354,0.0087677
conservador,solo_contexto,54,0.0103354,0.00935446
conservador,solo_contexto,55,0.0103354,0.00988071
conservador,solo_contexto,56,0.0103354,0.009178
conservador,solo_contexto,57,0.0103354,0.00941178
conservador,solo_contexto,58,0.0103354,0.00919019
conservador,solo_contexto,59,0.0103354,0.00980112
conservador,solo_contexto,60,0.0103354,0.00995927
conservador,solo_contexto,61,0.0103354,0.00947222
conservador,solo_contexto,62,0.0103354,0.00960291
conservador,solo_contexto,63,0.0103354,0.00981914
conservador,solo_contexto,64,0.0103354,0.00937911
conservador,solo_contexto,65,0.0103354,0.00981709
conservador,solo_contexto,66,0.0103354,0.00987373
conservador,completo,0,0.0126493,-0.204873
conservador,completo,1,0.0132179,-0.074278
conservador,completo,2,0.0132179,-0.0361338
conservador,completo,3,0.0132179,-0.0119363
conservador,completo,4,0.0147669,0.00311328
conservador,completo,5,0.0165707,0.00880584
conservador,completo,6,0.0165707,0.0118275
conservador,completo,7,0.0165707,0.0135649
conservador,completo,8,0.016714,0.0144951
conservador,completo,9,0.0168055,0.0142358
conservador,completo,10,0.0170569,0.0156106
conservador,completo,11,0.017158,0.0164602
conservador,completo,12,0.017158,0.0156916
conservador,completo,13,0.0172104,0.016623
conservador,completo,14,0.0172878,0.0155717
conservador,completo,15,0.0173877,0.0159047
conservador,completo,16,0.0174071,0.0144951
conservador,completo,17,0.0174071,0.0163732
conservador,completo,18,0.0174071,0.0162024
conservador,completo,19,0.0174073,0.0164455
conservador,completo,20,0.0174073,0.0145113
conservador,completo,21,0.0174073,0.0157764
conservador,completo,22,0.0174073,0.0160091
conservador,completo,23,0.0174076,0.0162147
conservador,completo,24,0.0174078,0.0164322
conservador,completo,25,0.0174078,0.0162536
conservador,completo,26,0.0174078,0.0161367
conservador,completo,27,0.0174079,0.0168986
conservador,completo,28,0.0174079,0.0154524
conservador,completo,29,0.0174079,0.0166463
conservador,completo,30,0.0174079,0.0168821
conservador,completo,31,0.0174079,0.0158665
conservador,completo,32,0.0174079,0.0168513
conservador,completo,33,0.0174079,0.0163737
conservador,completo,34,0.0174079,0.0157104
conservador,completo,35,0.0174079,0.0161412
conservador,completo,36,0.0174079,0.0152813
conservador,completo,37,0.0174079,0.0168673
conservador,completo,38,0.0174079,0.0161827
conservador,completo,39,0.0174079,0.0162599
conservador,completo,40,0.0174079,0.0162484
conservador,completo,41,0.0174079,0.0161855
conservador,completo,42,0.0174079,0.016157
conservador,completo,43,0.0174079,0.0155759
conservador,completo,44,0.0174079,0.0160291
conservador,completo,45,0.0174079,0.0169813
conservador,completo,46,0.0174079,0.0158857
conservador,completo,47,0.0174079,0.0164521
conservador,completo,48,0.0174079,0.0163243
conservador,completo,49,0.0174079,0.0152104
conservador,completo,50,0.0174079,0.0151578
conservador,completo,51,0.0174079,0.0165533
conservador,completo,52,0.0174079,0.0152146
moderado,base,0,0.030002,0.004637
moderado,base,1,0.030002,0.0160959
moderado,base,2,0.030002,0.0222218
moderado,base,3,0.030002,0.0260091
moderado,base,4,0.0303461,0.0280047
moderado,base,5,0.0317747,0.0291839
moderado,base,6,0.0326832,0.0298954
moderado,base,7,0.0326832,0.0306806
moderado,base,8,0.0327551,0.0311934
moderado,base,9,0.0327551,0.031581
moderado,base,10,0.0329436,0.0320463
moderado,base,11,0.0331705,0.0324876
moderado,base,12,0.0331705,0.0326167
moderado,base,13,0.0332024,0.0328234
moderado,base,14,0.0332024,0.0328166
moderado,base,15,0.0332024,0.0327923
moderado,base,16,0.0332024,0.0327976
moderado,base,17,0.033212,0.0329727
moderado,base,18,0.033212,0.0330419
moderado,base,19,0.0332122,0.0329819
moderado,base,20,0.0332123,0.032708
moderado,base,21,0.0332123,0.0329968
moderado,base,22,0.0332123,0.0329304
moderado,base,23,0.0332123,0.032929
moderado,base,24,0.0332123,0.0329884
moderado,base,25,0.0332123,0.0330057
moderado,base,26,0.0332124,0.0329776
moderado,base,27,0.0332124,0.0330978
moderado,base,28,0.0332124,0.0328246
moderado,base,29,0.0332124,0.0329905
moderado,base,30,0.0332124,0.0330982
moderado,base,31,0.0332124,0.0328409
moderado,base,32,0.0332124,0.0330295
moderado,base,33,0.0332124,0.0330175
moderado,base,34,0.0332133,0.0329132
moderado,base,35,0.0332133,0.0329051
moderado,base,36,0.0332133,0.0327864
moderado,base,37,0.0332134,0.0330698
moderado,base,38,0.0332134,0.0329355
moderado,base,39,0.0332134,0.0329833
moderado,base,40,0.0332134,0.0330172
moderado,base,41,0.0332135,0.0329116
moderado,base,42,0.0332135,0.0330257
moderado,base,43,0.0332136,0.0327758
moderado,base,44,0.0332136,0.0329035
moderado,base,45,0.0332136,0.0330554
moderado,base,46,0.0332136,0.0329835
moderado,base,47,0.0332136,0.0329653
moderado,base,48,0.0332136,0.0329433
moderado,base,49,0.0332136,0.0327975
moderado,base,50,0.0332136,0.0327897
moderado,base,51,0.0332136,0.033012
moderado,base,52,0.0332136,0.0328222
moderado,base,53,0.0332136,0.032686
moderado,base,54,0.0332136,0.0328517
moderado,base,55,0.0332136,0.0330043
moderado,base,56,0.0332136,0.0328221
moderado,base,57,0.0332136,0.0328571
moderado,base,58,0.0332136,0.0328197
moderado,base,59,0.0332136,0.0329866
moderado,base,60,0.0332137,0.0330412
moderado,base,61,0.0332137,0.0328849
moderado,base,62,0.0332137,0.0329452
moderado,base,63,0.0332137,0.0329962
moderado,base,64,0.0332137,0.032802
moderado,base,65,0.0332137,0.0329887
moderado,base,66,0.0332137,0.0329923
moderado,base,67,0.0332137,0.0329743
moderado,base,68,0.0332137,0.0328272
moderado,base,69,0.0332137,0.0329471
moderado,base,70,0.0332137,0.0330202
moderado,base,71,0.0332137,0.0329873
moderado,base,72,0.0332137,0.0329127
moderado,base,73,0.0332137,0.0330998
moderado,base,74,0.0332137,0.0328792
moderado,base,75,0.0332137,0.0329235
moderado,base,76,0.0332137,0.0330171
moderado,base,77,0.0332137,0.0330132
moderado,base,78,0.0332137,0.0329132
moderado,base,79,0.0332137,0.0329395
moderado,base,80,0.0332137,0.0328645
moderado,base,81,0.0332137,0.0330634
moderado,base,82,0.0332137,0.0329292
moderado,base,83,0.0332137,0.0327547
moderado,base,84,0.0332137,0.0329124
moderado,base,85,0.0332137,0.032925
moderado,base,86,0.0332137,0.0327429
moderado,base,87,0.0332137,0.0330094
moderado,base,88,0.0332137,0.0329965
moderado,base,89,0.0332137,0.0328874
moderado,base,90,0.0332137,0.0329731
moderado,base,91,0.0332137,0.032972
moderado,base,92,0.0332137,0.0329262
moderado,base,93,0.0332137,0.033046
moderado,base,94,0.0332137,0.0330223
moderado,base,95,0.0332137,0.0328998
moderado,base,96,0.0332137,0.0328625
moderado,base,97,0.0332137,0.0329857
moderado,base,98,0.0332137,0.0329031
moderado,base,99,0.0332137,0.033044
moderado,base,100,0.0332137,0.0329584
moderado,base,101,0.0332137,0.0327958
moderado,base,102,0.0332137,0.0329545
moderado,base,103,0.0332137,0.0328804
moderado,base,104,0.0332137,0.0328498
moderado,base,105,0.0332137,0.0329884
moderado,base,106,0.0332137,0.0329613
moderado,base,107,0.0332137,0.0330401
moderado,base,108,0.0332137,0.0330483
moderado,base,109,0.0332137,0.032868
moderado,base,110,0.0332137,0.0328026
moderado,base,111,0.0332137,0.0329179
moderado,base,112,0.0332137,0.0328331
moderado,base,113,0.0332137,0.0330751
moderado,base,114,0.0332137,0.0328454
moderado,base,115,0.0332137,0.0331054
moderado,base,116,0.0332137,0.0329086
moderado,base,117,0.0332137,0.0329897
moderado,base,118,0.0332137,0.0328241
moderado,base,119,0.0332137,0.0329546
moderado,base,120,0.0332137,0.0330165
moderado,base,121,0.0332137,0.0329853
moderado,base,122,0.0332137,0.0329777
moderado,base,123,0.0332137,0.033073
moderado,base,124,0.0332137,0.0330715
moderado,base,125,0.0332137,0.033034
moderado,base,126,0.0332137,0.0328736
moderado,base,127,0.0332137,0.0329449
moderado,base,128,0.0332137,0.0329587
moderado,base,129,0.0332137,0.0330808
moderado,base,130,0.0332137,0.0329687
moderado,base,131,0.0332137,0.0329622
moderado,base,132,0.0332137,0.0329647
moderado,base,133,0.0332137,0.0329864
moderado,base,134,0.0332137,0.0329956
moderado,base,135,0.0332137,0.0330207
moderado,base,136,0.0332137,0.0329569
moderado,base,137,0.0332137,0.0329846
moderado,base,138,0.0332137,0.0329253
moderado,base,139,0.0332137,0.0327293
moderado,base,140,0.0332137,0.0330615
moderado,base,141,0.0332137,0.0330713
moderado,base,142,0.0332137,0.0330036
moderado,base,143,0.0332137,0.0328864
moderado,base,144,0.0332137,0.0331053
moderado,base,145,0.0332137,0.0329041
moderado,base,146,0.0332137,0.0329489
moderado,base,147,0.0332137,0.0329571
moderado,solo_difuso,0,0.0437284,0.0169111
moderado,solo_difuso,1,0.0437284,0.0296864
moderado,solo_difuso,2,0.0440488,0.0362858
moderado,solo_difuso,3,0.0440488,0.0401709
moderado,solo_difuso,4,0.0444701,0.0416099
moderado,solo_difuso,5,0.0452227,0.0431613
moderado,solo_difuso,6,0.0459553,0.0439269
moderado,solo_difuso,7,0.0460601,0.0445073
moderado,solo_difuso,8,0.0465858,0.0449036
moderado,solo_difuso,9,0.0477901,0.0455767
moderado,solo_difuso,10,0.0477901,0.0460527
moderado,solo_difuso,11,0.0477901,0.0464756
moderado,solo_difuso,12,0.0480222,0.0463343
moderado,solo_difuso,13,0.0481556,0.0468663
moderado,solo_difuso,14,0.0481769,0.0472261
moderado,solo_difuso,15,0.0482109,0.0473738
moderado,solo_difuso,16,0.0482109,0.0474184
moderado,solo_difuso,17,0.0482128,0.0478254
moderado,solo_difuso,18,0.0482134,0.0478192
moderado,solo_difuso,19,0.0482137,0.0477627
moderado,solo_difuso,20,0.0482137,0.0468303
moderado,solo_difuso,21,0.0482137,0.0478963
moderado,solo_difuso,22,0.0482137,0.0476357
moderado,solo_difuso,23,0.0482137,0.0476635
moderado,solo_difuso,24,0.0482137,0.0477414
moderado,solo_difuso,25,0.0482137,0.0480065
moderado,solo_difuso,26,0.0482137,0.0479562
moderado,solo_difuso,27,0.0482137,0.047976
moderado,solo_difuso,28,0.0482137,0.0478293
moderado,solo_difuso,29,0.0482137,0.0478833
moderado,solo_difuso,30,0.0482137,0.0478883
moderado,solo_difuso,31,0.0482137,0.0477185
moderado,solo_difuso,32,0.0482137,0.047918
moderado,solo_difuso,33,0.0482137,0.0479559
moderado,solo_difuso,34,0.0482137,0.0476782
moderado,solo_difuso,35,0.0482137,0.047907
moderado,solo_difuso,36,0.0482137,0.0477863
moderado,solo_difuso,37,0.0482137,0.0480315
moderado,solo_difuso,38,0.0482137,0.0479357
moderado,solo_difuso,39,0.0482137,0.0479783
moderado,solo_difuso,40,0.0482137,0.0478946
moderado,solo_difuso,41,0.0482137,0.0478896
moderado,solo_difuso,42,0.0482137,0.0480254
moderado,solo_difuso,43,0.0482137,0.0476529
moderado,solo_difuso,44,0.0482137,0.0478885
moderado,solo_difuso,45,0.0482137,0.0480554
moderado,solo_contexto,0,0.0249596,-0.00959262
moderado,solo_contexto,1,0.0249596,0.0062418
moderado,solo_contexto,2,0.0249596,0.0142206
moderado,solo_contexto,3,0.0249596,0.0194299
moderado,solo_contexto,4,0.0249992,0.022387
moderado,solo_contexto,5,0.0260041,0.0237813
moderado,solo_contexto,6,0.0267445,0.0246616
moderado,solo_contexto,7,0.0268627,0.0255149
moderado,solo_contexto,8,0.0275343,0.0260486
moderado,solo_contexto,9,0.0275351,0.0263726
moderado,solo_contexto,10,0.0282801,0.0269951
moderado,solo_contexto,11,0.0282801,0.0274652
moderado,solo_contexto,12,0.0282801,0.0275676
moderado,solo_contexto,13,0.0282801,0.0278254
moderado,solo_contexto,14,0.0282801,0.0278213
moderado,solo_contexto,15,0.0283819,0.0278297
moderado,solo_contexto,16,0.0283819,0.0278368
moderado,solo_contexto,17,0.0283857,0.0281101
moderado,solo_contexto,18,0.0283857,0.0281892
moderado,solo_contexto,19,0.0283904,0.0281541
moderado,solo_contexto,20,0.0283904,0.0277636
moderado,solo_contexto,21,0.0283927,0.0281391
moderado,solo_contexto,22,0.0283927,0.0280761
moderado,solo_contexto,23,0.0283927,0.028106
moderado,solo_contexto,24,0.0283927,0.0281402
moderado,solo_contexto,25,0.0283927,0.0281552
moderado,solo_contexto,26,0.0283928,0.0281364
moderado,solo_contexto,27,0.0283928,0.0282987
moderado,solo_contexto,28,0.0283928,0.0279353
moderado,solo_contexto,29,0.0283928,0.0281684
moderado,solo_contexto,30,0.0283928,0.0282794
moderado,solo_contexto,31,0.0283929,0.0279849
moderado,solo_contexto,32,0.0283929,0.0282254
moderado,solo_contexto,33,0.0283929,0.0282009
moderado,solo_contexto,34,0.0283929,0.0280385
moderado,solo_contexto,35,0.0283931,0.0280534
moderado,solo_contexto,36,0.0283931,0.0279189
moderado,solo_contexto,37,0.0283931,0.0282501
moderado,solo_contexto,38,0.0283931,0.0280959
moderado,solo_contexto,39,0.0283931,0.0281582
moderado,solo_contexto,40,0.0283931,0.0281954
moderado,solo_contexto,41,0.0283931,0.02807
moderado,solo_contexto,42,0.0283931,0.0281888
moderado,solo_contexto,43,0.0283931,0.0278913
moderado,solo_contexto,44,0.0283931,0.0280707
moderado,solo_contexto,45,0.0283931,0.0282541
moderado,solo_contexto,46,0.0283931,0.0281254
moderado,solo_contexto,47,0.0283931,0.0281368
moderado,solo_contexto,48,0.0283931,0.0280857
moderado,solo_contexto,49,0.0283931,0.0278852
moderado,solo_contexto,50,0.0283931,0.0279183
moderado,solo_contexto,51,0.0283931,0.0281654
moderado,solo_contexto,52,0.0283931,0.027906
moderado,solo_contexto,53,0.0283931,0.0277515
moderado,solo_contexto,54,0.0283931,0.0279701
moderado,solo_contexto,55,0.0283931,0.0281679
moderado,solo_contexto,56,0.0283931,0.0279235
moderado,solo_contexto,57,0.0283931,0.0279862
moderado,solo_contexto,58,0.0283931,0.0279237
moderado,solo_contexto,59,0.0283931,0.0281539
moderado,solo_contexto,60,0.0283931,0.0282166
moderado,solo_contexto,61,0.0283931,0.0280243
moderado,solo_contexto,62,0.0283931,0.0280789
moderado,solo_contexto,63,0.0283931,0.0281539
moderado,solo_contexto,64,0.0283931,0.027933
moderado,solo_contexto,65,0.0283931,0.0281552
moderado,solo_contexto,66,0.0283931,0.0281637
moderado,solo_contexto,67,0.0283931,0.028145
moderado,solo_contexto,68,0.0283931,0.0279572
moderado,solo_contexto,69,0.0283931,0.0281013
moderado,solo_contexto,70,0.0283931,0.0282062
moderado,solo_contexto,71,0.0283931,0.0281557
moderado,solo_contexto,72,0.0283931,0.0280348
moderado,solo_contexto,73,0.0283931,0.028295
moderado,solo_contexto,74,0.0283931,0.0280114
moderado,solo_contexto,75,0.0283931,0.0280548
moderado,solo_contexto,76,0.0283931,0.028181
moderado,solo_contexto,77,0.0283931,0.0282032
moderado,solo_contexto,78,0.0283931,0.0280428
moderado,solo_contexto,79,0.0283931,0.028092
moderado,solo_contexto,80,0.0283931,0.0279925
moderado,solo_contexto,81,0.0283931,0.0282552
moderado,solo_contexto,82,0.0283931,0.028086
moderado,solo_contexto,83,0.0283931,0.0278524
moderado,solo_contexto,84,0.0283931,0.028059
moderado,solo_contexto,85,0.0283931,0.0280659
moderado,solo_contexto,86,0.0283931,0.0278644
moderado,solo_contexto,87,0.0283931,0.028164
moderado,solo_contexto,88,0.0283931,0.0281691
moderado,solo_contexto,89,0.0283931,0.0280543
moderado,solo_contexto,90,0.0283931,0.0281495
moderado,completo,0,0.0393797,0.00117711
moderado,completo,1,0.0393797,0.0197713
moderado,completo,2,0.0393797,0.0282853
moderado,completo,3,0.0393797,0.0338977
moderado,completo,4,0.0397427,0.0362748
moderado,completo,5,0.0401739,0.0380801
moderado,completo,6,0.0404101,0.0389018
moderado,completo,7,0.0406593,0.0394827
moderado,completo,8,0.0412053,0.0397059
moderado,completo,9,0.0415526,0.0400866
moderado,completo,10,0.0433631,0.0405717
moderado,completo,11,0.0433631,0.040981
moderado,completo,12,0.0433631,0.0411448
moderado,completo,13,0.0433631,0.0418079
moderado,completo,14,0.0433631,0.042192
moderado,completo,15,0.0433666,0.0424597
moderado,completo,16,0.0433722,0.0426097
moderado,completo,17,0.0433722,0.042962
moderado,completo,18,0.0433832,0.043053
moderado,completo,19,0.0433914,0.0430133
moderado,completo,20,0.0433914,0.0420623
moderado,completo,21,0.0433925,0.0430129
moderado,completo,22,0.0433925,0.0429166
moderado,completo,23,0.0433925,0.0428409
moderado,completo,24,0.0433925,0.0431203
moderado,completo,25,0.0433927,0.0431526
moderado,completo,26,0.0433927,0.0430683
moderado,completo,27,0.0433929,0.0431338
moderado,completo,28,0.0433929,0.0429349
moderado,completo,29,0.0433929,0.0430122
moderado,completo,30,0.0433929,0.0430298
moderado,completo,31,0.0433929,0.0428602
moderado,completo,32,0.0433929,0.0427545
moderado,completo,33,0.0433929,0.0430021
moderado,completo,34,0.0433929,0.0426875
moderado,completo,35,0.0433931,0.043054
moderado,completo,36,0.0433931,0.0429134
moderado,completo,37,0.0433931,0.043226
moderado,completo,38,0.0433931,0.0430529
moderado,completo,39,0.0433931,0.0431588
moderado,completo,40,0.0433931,0.0430418
moderado,completo,41,0.0433931,0.0430011
moderado,completo,42,0.0433931,0.0431879
moderado,completo,43,0.0433931,0.0427767
moderado,completo,44,0.0433931,0.0430051
moderado,completo,45,0.0433931,0.0432543
moderado,completo,46,0.0433931,0.0431256
moderado,completo,47,0.0433931,0.0429742
moderado,completo,48,0.0433931,0.043086
moderado,completo,49,0.0433931,0.0428851
moderado,completo,50,0.0433931,0.0429185
moderado,completo,51,0.0433931,0.0431655
moderado,completo,52,0.0433931,0.0428639
moderado,completo,53,0.0433931,0.0427353
moderado,completo,54,0.0433931,0.0427216
moderado,completo,55,0.0433931,0.0431646
moderado,completo,56,0.0433931,0.0429054
moderado,completo,57,0.0433931,0.0429863
moderado,completo,58,0.0433931,0.0429238
moderado,completo,59,0.0433931,0.043029
moderado,completo,60,0.0433931,0.0432167
moderado,completo,61,0.0433931,0.0430244
moderado,completo,62,0.0433931,0.042954
moderado,completo,63,0.0433931,0.0431342
moderado,completo,64,0.0433931,0.0429331
moderado,completo,65,0.0433931,0.0429403
moderado,completo,66,0.0433931,0.0431446
moderado,completo,67,0.0433931,0.0431142
moderado,completo,68,0.0433931,0.0427073
moderado,completo,69,0.0433931,0.0431014
moderado,completo,70,0.0433931,0.0432063
moderado,completo,71,0.0433931,0.0430923
moderado,completo,72,0.0433931,0.0430349
moderado,completo,73,0.0433931,0.043295
moderado,completo,74,0.0433931,0.0430115
moderado,completo,75,0.0433931,0.043055
moderado,completo,76,0.0433931,0.0431336
agresivo,base,0,0.0449888,0.0351131
agresivo,base,1,0.0449888,0.038968
agresivo,base,2,0.0449888,0.0412157
agresivo,base,3,0.0452196,0.0428476
agresivo,base,4,0.0452415,0.0438392
agresivo,base,5,0.0453696,0.0445611
agresivo,base,6,0.0458138,0.0447712
agresivo,base,7,0.0458759,0.0450889
agresivo,base,8,0.0460048,0.0453666
agresivo,base,9,0.0460075,0.0455429
agresivo,base,10,0.0460075,0.0457511
agresivo,base,11,0.0460075,0.0458347
agresivo,base,12,0.0460075,0.0458551
agresivo,base,13,0.0460075,0.04589
agresivo,base,14,0.0460075,0.0458851
agresivo,base,15,0.0460083,0.045768
agresivo,base,16,0.0460083,0.0458211
agresivo,base,17,0.0460083,0.0458986
agresivo,base,18,0.0460083,0.0459007
agresivo,base,19,0.0460083,0.0458809
agresivo,base,20,0.0460083,0.0457803
agresivo,base,21,0.0460083,0.0459009
agresivo,base,22,0.0460083,0.0458537
agresivo,base,23,0.0460083,0.0458182
agresivo,base,24,0.0460083,0.0458884
agresivo,base,25,0.0460083,0.0459266
agresivo,base,26,0.0460083,0.0458444
agresivo,base,27,0.0460083,0.0459288
agresivo,base,28,0.0460083,0.0458406
agresivo,base,29,0.0460083,0.0458182
agresivo,base,30,0.0460083,0.0459508
agresivo,base,31,0.0460083,0.0457665
agresivo,base,32,0.0460083,0.0458541
agresivo,base,33,0.0460083,0.0458953
agresivo,base,34,0.0460083,0.0458632
agresivo,base,35,0.0460083,0.0458468
agresivo,base,36,0.0460083,0.0457858
agresivo,base,37,0.0460083,0.0458815
agresivo,base,38,0.0460083,0.0458293
agresivo,base,39,0.0460083,0.0458886
agresivo,base,40,0.0460083,0.0458816
agresivo,base,41,0.0460083,0.0458264
agresivo,base,42,0.0460083,0.0459139
agresivo,base,43,0.0460083,0.0457646
agresivo,base,44,0.0460083,0.045801
agresivo,solo_difuso,0,0.0822319,0.0711735
agresivo,solo_difuso,1,0.0822319,0.0765136
agresivo,solo_difuso,2,0.0822319,0.0792732
agresivo,solo_difuso,3,0.0824035,0.0806393
agresivo,solo_difuso,4,0.0829907,0.0805275
agresivo,solo_difuso,5,0.083151,0.0814735
agresivo,solo_difuso,6,0.0831748,0.0819273
agresivo,solo_difuso,7,0.0835676,0.0823055
agresivo,solo_difuso,8,0.0835772,0.0824269
agresivo,solo_difuso,9,0.0837177,0.082972
agresivo,solo_difuso,10,0.0839378,0.0828405
agresivo,solo_difuso,11,0.0840267,0.0830311
agresivo,solo_difuso,12,0.0840267,0.0825127
agresivo,solo_difuso,13,0.0840589,0.0830309
agresivo,solo_difuso,14,0.0841496,0.0834167
agresivo,solo_difuso,15,0.0841497,0.0833792
agresivo,solo_difuso,16,0.0841889,0.0834968
agresivo,solo_difuso,17,0.0842655,0.0834384
agresivo,solo_difuso,18,0.0842655,0.0835144
agresivo,solo_difuso,19,0.0842698,0.0837684
agresivo,solo_difuso,20,0.0843003,0.0826653
agresivo,solo_difuso,21,0.0843003,0.0841564
agresivo,solo_difuso,22,0.0843003,0.0837532
agresivo,solo_difuso,23,0.0843003,0.0834074
agresivo,solo_difuso,24,0.0843003,0.0839695
agresivo,solo_difuso,25,0.0843003,0.084229
agresivo,solo_difuso,26,0.0843003,0.0838981
agresivo,solo_difuso,27,0.0843003,0.0837643
agresivo,solo_difuso,28,0.0843003,0.0840502
agresivo,solo_difuso,29,0.0843003,0.0837197
agresivo,solo_difuso,30,0.0843003,0.0832737
agresivo,solo_difuso,31,0.0843003,0.0837308
agresivo,solo_difuso,32,0.0843003,0.0831533
agresivo,solo_difuso,33,0.0843003,0.0836258
agresivo,solo_difuso,34,0.0843003,0.0834729
agresivo,solo_difuso,35,0.0843003,0.0841361
agresivo,solo_difuso,36,0.0843003,0.0837491
agresivo,solo_difuso,37,0.0843003,0.0839367
agresivo,solo_difuso,38,0.0843003,0.0839591
agresivo,solo_difuso,39,0.0843003,0.0841519
agresivo,solo_difuso,40,0.0843003,0.0836216
agresivo,solo_difuso,41,0.0843003,0.0839085
agresivo,solo_difuso,42,0.0843003,0.0842658
agresivo,solo_difuso,43,0.0843003,0.0833776
agresivo,solo_difuso,44,0.0843003,0.0839135
agresivo,solo_difuso,45,0.0843003,0.0841744
agresivo,solo_contexto,0,0.0386958,0.0272366
agresivo,solo_contexto,1,0.0386958,0.0319708
agresivo,solo_contexto,2,0.0386958,0.0346229
agresivo,solo_contexto,3,0.0396378,0.0365218
agresivo,solo_contexto,4,0.0402088,0.0376211
agresivo,solo_contexto,5,0.0402088,0.0385336
agresivo,solo_contexto,6,0.0406614,0.0389793
agresivo,solo_contexto,7,0.0406614,0.0395367
agresivo,solo_contexto,8,0.0406614,0.0399354
agresivo,solo_contexto,9,0.0406614,0.0401467
agresivo,solo_contexto,10,0.0406898,0.040305
agresivo,solo_contexto,11,0.0406904,0.0404552
agresivo,solo_contexto,12,0.0406904,0.0404875
agresivo,solo_contexto,13,0.0406904,0.0405553
agresivo,solo_contexto,14,0.0406904,0.0405339
agresivo,solo_contexto,15,0.0406905,0.0403974
agresivo,solo_contexto,16,0.0406905,0.0404477
agresivo,solo_contexto,17,0.0406906,0.0405397
agresivo,solo_contexto,18,0.0406906,0.0405681
agresivo,solo_contexto,19,0.0406906,0.0404949
agresivo,solo_contexto,20,0.0406906,0.0403759
agresivo,solo_contexto,21,0.0406906,0.0405295
agresivo,solo_contexto,22,0.0406906,0.0404889
agresivo,solo_contexto,23,0.0406906,0.0404751
agresivo,solo_contexto,24,0.0406906,0.0405206
agresivo,solo_contexto,25,0.0406906,0.040574
agresivo,solo_contexto,26,0.0406906,0.0404988
agresivo,solo_contexto,27,0.0406907,0.0405854
agresivo,solo_contexto,28,0.0406907,0.0404591
agresivo,solo_contexto,29,0.0406907,0.0404495
agresivo,solo_contexto,30,0.0406907,0.040611
agresivo,solo_contexto,31,0.0406907,0.0404113
agresivo,solo_contexto,32,0.0406907,0.0405178
agresivo,solo_contexto,33,0.0406907,0.0405182
agresivo,solo_contexto,34,0.0406907,0.0405065
agresivo,solo_contexto,35,0.0406907,0.0404828
agresivo,solo_contexto,36,0.0406907,0.0403857
agresivo,solo_contexto,37,0.0406907,0.0405403
agresivo,solo_contexto,38,0.0406907,0.0404347
agresivo,solo_contexto,39,0.0406907,0.0405235
agresivo,solo_contexto,40,0.0406907,0.0405346
agresivo,solo_contexto,41,0.0406907,0.040466
agresivo,solo_contexto,42,0.0406907,0.0405693
agresivo,solo_contexto,43,0.0406907,0.0403904
agresivo,solo_contexto,44,0.0406907,0.0404272
agresivo,solo_contexto,45,0.0406907,0.0405623
agresivo,solo_contexto,46,0.0406907,0.0405621
agresivo,solo_contexto,47,0.0406907,0.0404106
agresivo,solo_contexto,48,0.0406907,0.040492
agresivo,solo_contexto,49,0.0406907,0.0403994
agresivo,solo_contexto,50,0.0406907,0.0403564
agresivo,solo_contexto,51,0.0406907,0.0405494
agresivo,solo_contexto,52,0.0406907,0.0403885
agresivo,solo_contexto,53,0.0406907,0.0403719
agresivo,solo_contexto,54,0.0406907,0.0404492
agresivo,solo_contexto,55,0.0406907,0.0404767
agresivo,solo_contexto,56,0.0406907,0.0404674
agresivo,completo,0,0.0762808,0.0652029
agresivo,completo,1,0.0762808,0.0703277
agresivo,completo,2,0.0762808,0.0731542
agresivo,completo,3,0.076316,0.0745787
agresivo,completo,4,0.0766726,0.0742913
agresivo,completo,5,0.0766847,0.0753792
agresivo,completo,6,0.0766847,0.0757453
agresivo,completo,7,0.0768245,0.0760454
agresivo,completo,8,0.076834,0.0760595
agresivo,completo,9,0.076834,0.0765517
agresivo,completo,10,0.076834,0.0762163
agresivo,completo,11,0.076834,0.0762538
agresivo,completo,12,0.076834,0.0755045
agresivo,completo,13,0.076834,0.0760965
agresivo,completo,14,0.076834,0.0763517
agresivo,completo,15,0.076834,0.0762371
agresivo,completo,16,0.0768356,0.0762744
agresivo,completo,17,0.0768356,0.0762954
agresivo,completo,18,0.0768356,0.0761992
agresivo,completo,19,0.0768359,0.0765272
agresivo,completo,20,0.0768369,0.0752242
agresivo,completo,21,0.0768369,0.0767667
agresivo,completo,22,0.0768371,0.0764562
agresivo,completo,23,0.0768376,0.0760247
agresivo,completo,24,0.0768376,0.0766885
agresivo,completo,25,0.076838,0.0767953
agresivo,completo,26,0.076838,0.0765333
agresivo,completo,27,0.076838,0.0763214
agresivo,completo,28,0.076838,0.0766497
agresivo,completo,29,0.076838,0.0763126
agresivo,completo,30,0.076838,0.0759259
agresivo,completo,31,0.076838,0.0762544
agresivo,completo,32,0.076838,0.0755801
agresivo,completo,33,0.076838,0.0762465
agresivo,completo,34,0.076838,0.0761064
agresivo,completo,35,0.076838,0.0767131
agresivo,completo,36,0.076838,0.0764572
agresivo,completo,37,0.076838,0.0764861
agresivo,completo,38,0.076838,0.0765343
agresivo,completo,39,0.0768381,0.0767378
agresivo,completo,40,0.0768381,0.0761801
agresivo,completo,41,0.0768381,0.0764536
agresivo,completo,42,0.0768381,0.0767619
agresivo,completo,43,0.0768381,0.0757738
agresivo,completo,44,0.0768381,0.0764891
agresivo,completo,45,0.0768381,0.0767729
agresivo,completo,46,0.0768381,0.0767922
agresivo,completo,47,0.0768381,0.076063
agresivo,completo,48,0.0768381,0.0764
agresivo,completo,49,0.0768381,0.0763617
agresivo,completo,50,0.0768381,0.076103
agresivo,completo,51,0.0768381,0.0766628
agresivo,completo,52,0.0768381,0.0764324
agresivo,completo,53,0.0768381,0.076461
agresivo,completo,54,0.0768381,0.0760787
agresivo,completo,55,0.0768381,0.0767144
agresivo,completo,56,0.0768381,0.0764017
agresivo,completo,57,0.0768381,0.0767086
agresivo,completo,58,0.0768381,0.0767115
agresivo,completo,59,0.0768381,0.0763969
agresivo,completo,60,0.0768381,0.0767976
agresivo,completo,61,0.0768381,0.0767223
agresivo,completo,62,0.0768381,0.076313
agresivo,completo,63,0.0768381,0.0766242
agresivo,completo,64,0.0768381,0.0767089
agresivo,completo,65,0.0768381,0.0761237
