archetype,parameter,value,n,w_stocks_mean,w_stocks_sd,w_mixed_mean,w_mixed_sd,w_debt_mean,w_debt_sd,w_bonds_mean,w_bonds_sd,w_term_mean,w_term_sd,expected_return_mean,expected_return_sd,sigma_mean,sigma_sd,fitness_mean,fitness_sd,herfindahl_mean,herfindahl_sd,max_w_mean,max_w_sd,n_at_cap_mean,n_at_cap_sd,c_mean,c_sd,mu_ca_c_mean,mu_ca_c_sd,centroid_mean,centroid_sd,mode_mean,mode_sd,sigma_max_c_mean,sigma_max_c_sd,penalty_term_mean,penalty_term_sd,fuzzy_reward_mean,fuzzy_reward_sd,penalty_active_mean,penalty_active_sd,binding_mean,binding_sd,m_h_mean,m_h_sd,lambda_eff_mean,lambda_eff_sd,generations_mean,generations_sd,converged_mean,converged_sd
moderado,kappa,0.01,10,0.029056,7.16895e-05,0.0582892,0.000210496,0.112655,0.000149127,0.4,6.67143e-10,0.4,5.30168e-10,0.0543402,3.87249e-06,0.0209164,3.87589e-06,0.0380905,0.00105409,0.336933,1.32172e-05,0.4,1.6896e-11,2,0,0.836261,0.172638,0.466667,0.105409,0.730811,0,0.8625,0,0.138714,0.0224429,0,0,0.00466667,0.00105409,0,0,0,0,1,0,1,0,99.2,35.987,1,0
moderado,kappa,0.03,10,0.0290776,6.40018e-05,0.0583908,0.00017484,0.112532,0.00019599,0.4,1.75327e-09,0.4,1.8755e-09,0.054347,1.14328e-05,0.0209231,1.14417e-05,0.0484238,1.21889e-08,0.336918,2.31919e-05,0.4,3.11358e-12,2,0,0.887102,0.0638131,0.5,0,0.730811,0,0.8625,0,0.145323,0.0082957,0,0,0.015,3.65712e-18,0,0,0,0,1,0,1,0,95.9,34.3332,1,0
moderado,kappa,0.05,10,0.0291063,0.00012494,0.0582587,0.000541307,0.112635,0.000535845,0.4,5.85341e-09,0.4,2.58939e-09,0.0543452,2.45526e-05,0.0209215,2.4541e-05,0.0584238,1.22459e-07,0.336928,5.95388e-05,0.4,2.59953e-09,2,0,0.869243,0.0610478,0.5,0,0.730811,0,0.8625,0,0.143002,0.00793621,0,0,0.025,0,0,0,0,0,1,0,1,0,84.4,30.3029,1,0
moderado,phi,10,10,0.0290824,6.68356e-05,0.0583782,0.000175928,0.112539,0.000198126,0.4,1.78749e-09,0.4,1.85944e-09,0.0543471,1.17253e-05,0.0209232,1.17344e-05,0.0484238,1.20198e-08,0.336919,2.35421e-05,0.4,0,2,0,0.89061,0.0625549,0.5,0,0.730811,0,0.8625,0,0.145779,0.00813214,0,0,0.015,3.65712e-18,0,0,0,0,1,0,1,0,99.7,29.0519,1,0
moderado,phi,50,10,0.0290776,6.40018e-05,0.0583908,0.00017484,0.112532,0.00019599,0.4,1.75327e-09,0.4,1.8755e-09,0.054347,1.14328e-05,0.0209231,1.14417e-05,0.0484238,1.21889e-08,0.336918,2.31919e-05,0.4,3.11358e-12,2,0,0.887102,0.0638131,0.5,0,0.730811,0,0.8625,0,0.145323,0.0082957,0,0,0.015,3.65712e-18,0,0,0,0,1,0,1,0,95.9,34.3332,1,0
moderado,phi,200,10,0.0290776,6.40018e-05,0.0583908,0.00017484,0.112532,0.00019599,0.4,1.75327e-09,0.4,1.8755e-09,0.054347,1.14328e-05,0.0209231,1.14417e-05,0.0484238,1.21889e-08,0.336918,2.31919e-05,0.4,3.11358e-12,2,0,0.887102,0.0638131,0.5,0,0.730811,0,0.8625,0,0.145323,0.0082957,0,0,0.015,3.65712e-18,0,0,0,0,1,0,1,0,95.9,34.3332,1,0
moderado,max_weight,0.35,10,0.0285652,4.22279e-05,0.0623421,0.000101255,0.209093,9.50592e-05,0.35,3.92016e-10,0.35,7.66162e-10,0.0513914,5.38595e-06,0.0208737,5.38846e-06,0.0455177,5.23229e-09,0.293422,2.825e-05,0.35,1.92397e-10,2,0,0.85012,0.0413273,0.5,0,0.730811,0,0.8625,0,0.140516,0.00537255,0,0,0.015,3.65712e-18,0,0,0,0,1,0,1,0,80.3,17.9137,1,0
moderado,max_weight,0.4,10,0.0290776,6.40018e-05,0.0583908,0.00017484,0.112532,0.00019599,0.4,1.75327e-09,0.4,1.8755e-09,0.054347,1.14328e-05,0.0209231,1.14417e-05,0.0484238,1.21889e-08,0.336918,2.31919e-05,0.4,3.11358e-12,2,0,0.887102,0.0638131,0.5,0,0.730811,0,0.8625,0,0.145323,0.0082957,0,0,0.015,3.65712e-18,0,0,0,0,1,0,1,0,95.9,34.3332,1,0
moderado,max_weight,0.5,10,0.0221202,8.52156e-06,5.87832e-10,1.85889e-09,1.06219e-11,3.13095e-11,0.47788,8.5214e-06,0.5,0,0.0562961,6.9192e-07,0.0189343,6.92137e-07,0.0523618,2.24502e-10,0.478858,7.7671e-06,0.5,0,1,0,0.852283,0.0771649,0.5,0,0.730811,0,0.8625,0,0.140797,0.0100314,0,0,0.015,3.65712e-18,0,0,0,0,1,0,1,0,67.3,6.56675,1,0
agresivo,kappa,0.01,10,0.4,0,0.2,3.81464e-17,0,0,0.4,0,0,0,0.0988785,1.46285e-17,0.100509,1.46285e-17,0.0737003,1.46285e-17,0.36,5.85139e-17,0.4,0,2,0,0.92821,0.0290156,1,0,0.853031,1.17028e-16,0.925,1.17028e-16,0.150667,0.00377203,0,0,0.01,1.82856e-18,0,0,0,0,0.7,0,0.35,0,49.3,9.44046,1,0
agresivo,kappa,0.03,10,0.4,0,0.2,3.58323e-17,0,0,0.4,0,0,0,0.0988785,1.46285e-17,0.100509,1.46285e-17,0.0937003,1.60247e-17,0.36,5.85139e-17,0.4,0,2,0,0.953271,0.0260999,1,0,0.853031,1.17028e-16,0.925,1.17028e-16,0.153925,0.00339298,0,0,0.03,7.31424e-18,0,0,0,0,0.7,0,0.35,0,49.2,8.49575,1,0
agresivo,kappa,0.05,10,0.4,0,0.2,3.70074e-17,0,0,0.4,0,0,0,0.0988785,1.46285e-17,0.100509,1.46285e-17,0.1137,1.46285e-17,0.36,5.85139e-17,0.4,0,2,0,0.947691,0.0331541,1,0,0.853031,1.17028e-16,0.925,1.17028e-16,0.1532,0.00431004,0,0,0.05,0,0,0,0,0,0.7,0,0.35,0,50,9.39267,1,0
agresivo,phi,10,10,0.4,0,0.2,3.92523e-17,0,0,0.4,0,0,0,0.0988785,1.46285e-17,0.100509,1.46285e-17,0.0937003,1.60247e-17,0.36,5.85139e-17,0.4,0,2,0,0.95415,0.0269358,1,0,0.853031,1.17028e-16,0.925,1.17028e-16,0.15404,0.00350165,0,0,0.03,7.31424e-18,0,0,0,0,0.7,0,0.35,0,49.2,8.49575,1,0
agresivo,phi,50,10,0.4,0,0.2,3.58323e-17,0,0,0.4,0,0,0,0.0988785,1.46285e-17,0.100509,1.46285e-17,0.0937003,1.60247e-17,0.36,5.85139e-17,0.4,0,2,0,0.953271,0.0260999,1,0,0.853031,1.17028e-16,0.925,1.17028e-16,0.153925,0.00339298,0,0,0.03,7.31424e-18,0,0,0,0,0.7,0,0.35,0,49.2,8.49575,1,0
agresivo,phi,200,10,0.4,0,0.2,3.70074e-17,0,0,0.4,0,0,0,0.0988785,1.46285e-17,0.100509,1.46285e-17,0.0937003,1.60247e-17,0.36,5.85139e-17,0.4,0,2,0,0.944142,0.0323787,1,0,0.853031,1.17028e-16,0.925,1.17028e-16,0.152738,0.00420923,0,0,0.03,7.31424e-18,0,0,0,0,0.7,0,0.35,0,48.6,8.72035,1,0
agresivo,max_weight,0.35,10,0.35,0,0.3,6.40988e-17,0,0,0.35,0,0,0,0.0945187,1.46285e-17,0.0939026,1.46285e-17,0.0916528,1.46285e-17,0.335,4.89562e-17,0.35,0,2,0,0.943604,0.0344678,1,0,0.853031,1.17028e-16,0.925,1.17028e-16,0.152669,0.00448082,0,0,0.03,7.31424e-18,0,0,0,0,0.7,0,0.35,0,48.4,8.16769,1,0
agresivo,max_weight,0.4,10,0.4,0,0.2,3.58323e-17,0,0,0.4,0,0,0,0.0988785,1.46285e-17,0.100509,1.46285e-17,0.0937003,1.60247e-17,0.36,5.85139e-17,0.4,0,2,0,0.953271,0.0260999,1,0,0.853031,1.17028e-16,0.925,1.17028e-16,0.153925,0.00339298,0,0,0.03,7.31424e-18,0,0,0,0,0.7,0,0.35,0,49.2,8.49575,1,0
agresivo,max_weight,0.5,10,0.5,0,1.77755e-17,5.62111e-17,5.61699e-19,1.77625e-18,0.5,3.70074e-17,0,0,0.107598,1.6679e-17,0.116436,1.38778e-17,0.0968457,1.6679e-17,0.5,3.70074e-17,0.5,0,2,0,0.943463,0.0322727,1,0,0.853031,1.17028e-16,0.925,1.17028e-16,0.15265,0.00419545,0,0,0.03,7.31424e-18,0,0,0,0,0.7,0,0.35,0,62.4,11.1275,1,0
estres_baja_absorcion,kappa,0.01,10,0.213112,0.000589434,0.0974114,0.00154751,9.34655e-09,1.67156e-08,0.4,1.3625e-07,0.289476,0.00163824,0.0767748,7.02899e-05,0.0564486,0.000138209,0.0563281,1.16644e-06,0.298707,0.00059582,0.4,1.3625e-07,1,0,0.203106,0.00100832,0.777778,0,0.156591,0,0.1025,0,0.0564037,0.000131082,-1.23825e-07,9.85228e-08,0.00777778,1.82856e-18,0.9,0.316228,1,0,1,0,0.5,0,180.2,33.8717,0.3,0.483046
estres_baja_absorcion,kappa,0.03,10,0.213078,0.00090514,0.0974474,0.00170551,4.57263e-09,8.00955e-09,0.4,2.79579e-08,0.289474,0.00221168,0.076772,0.00011561,0.0564431,0.000227362,0.0718836,1.90534e-06,0.298701,0.000713247,0.4,2.79579e-08,1,0,0.203102,0.00164766,0.777778,0,0.156591,0,0.1025,0,0.0564033,0.000214195,-1.63688e-07,1.67227e-07,0.0233333,0,0.7,0.483046,1,0,1,0,0.5,0,192.5,23.7171,0.1,0.316228
estres_baja_absorcion,kappa,0.05,10,0.213269,0.000559366,0.0977458,0.00185907,3.79216e-09,5.85404e-09,0.4,9.86393e-08,0.288985,0.00198959,0.0767988,7.51257e-05,0.0564958,0.000147673,0.0874395,1.23059e-06,0.298557,0.000719337,0.4,9.86393e-08,1,0,0.203364,0.00106273,0.777778,0,0.156591,0,0.1025,0,0.0564373,0.000138155,-2.21696e-07,2.01844e-07,0.0388889,7.31424e-18,1,0,1,0,1,0,0.5,0,200,0,0,0
estres_baja_absorcion,phi,10,10,0.214933,0.000266973,0.100744,0.000687149,2.32219e-09,3.72067e-09,0.4,3.43007e-08,0.284323,0.000885856,0.0770414,3.99509e-05,0.0569729,7.86086e-05,0.0718867,5.21088e-07,0.297186,0.000279009,0.4,3.43007e-08,1,0,0.204482,0.00048884,0.777778,0,0.156591,0,0.1025,0,0.0565826,6.35493e-05,-1.5556e-06,5.12578e-07,0.0233333,0,1,0,1,0,1,0,0.5,0,191.2,13.2816,0.4,0.516398
estres_baja_absorcion,phi,50,10,0.213078,0.00090514,0.0974474,0.00170551,4.57263e-09,8.00955e-09,0.4,2.79579e-08,0.289474,0.00221168,0.076772,0.00011561,0.0564431,0.000227362,0.0718836,1.90534e-06,0.298701,0.000713247,0.4,2.79579e-08,1,0,0.203102,0.00164766,0.777778,0,0.156591,0,0.1025,0,0.0564033,0.000214195,-1.63688e-07,1.67227e-07,0.0233333,0,0.7,0.483046,1,0,1,0,0.5,0,192.5,23.7171,0.1,0.316228
estres_baja_absorcion,phi,200,10,0.212469,0.00121114,0.0957724,0.00250299,1.23701e-07,3.57963e-07,0.4,2.67265e-07,0.291758,0.00274457,0.0766704,0.000138251,0.0562441,0.000271938,0.0718817,2.34918e-06,0.299452,0.000994746,0.4,2.67265e-07,1,0,0.201831,0.00205012,0.777778,0,0.156591,0,0.1025,0,0.0562381,0.000266515,-3.09392e-08,3.67976e-08,0.0233333,0,0.8,0.421637,1,0,1,0,0.5,0,195.7,13.5978,0.1,0.316228
estres_baja_absorcion,max_weight,0.35,10,0.215858,0.000945235,0.10413,0.000994764,3.07454e-09,5.07439e-09,0.35,9.56878e-09,0.330012,0.0018355,0.0759642,0.000118436,0.056391,0.000234441,0.0711019,1.19896e-06,0.28885,0.000638112,0.35,9.56878e-09,1,0,0.20294,0.00175882,0.777778,0,0.156591,0,0.1025,0,0.0563822,0.000228647,-9.51483e-08,9.81208e-08,0.0233333,0,0.7,0.483046,1,0,1,0,0.5,0,179.9,37.8372,0.3,0.483046
estres_baja_absorcion,max_weight,0.4,10,0.213078,0.00090514,0.0974474,0.00170551,4.57263e-09,8.00955e-09,0.4,2.79579e-08,0.289474,0.00221168,0.076772,0.00011561,0.0564431,0.000227362,0.0718836,1.90534e-06,0.298701,0.000713247,0.4,2.79579e-08,1,0,0.203102,0.00164766,0.777778,0,0.156591,0,0.1025,0,0.0564033,0.000214195,-1.63688e-07,1.67227e-07,0.0233333,0,0.7,0.483046,1,0,1,0,0.5,0,192.5,23.7171,0.1,0.316228
estres_baja_absorcion,max_weight,0.5,10,0.207062,0.000811853,0.0847571,0.00346598,2.42337e-08,2.1395e-08,0.5,3.77726e-08,0.20818,0.00299681,0.0783539,6.79953e-05,0.0566294,0.000131602,0.0733718,2.34297e-06,0.343417,0.000863083,0.5,3.77726e-08,1,0,0.204097,0.000716952,0.777778,0,0.156591,0,0.1025,0,0.0565326,9.32038e-05,-7.63956e-07,6.90739e-07,0.0233333,0,0.8,0.421637,1,0,1,0,0.5,0,200,0,0,0
