archetype,parameter,value,seed,w_stocks,w_mixed,w_debt,w_bonds,w_term,expected_return,sigma,fitness,herfindahl,max_w,n_at_cap,c,mu_ca_c,centroid,mode,sigma_max_c,penalty_term,fuzzy_reward,penalty_active,binding,m_h,lambda_eff,generations,converged
moderado,kappa,0.01,0,0.0290199,0.0583929,0.112587,0.4,0.4,0.0543399,0.020916,0.0384238,0.336928,0.4,2,0.987131,0.5,0.730811,0.8625,0.158327,-0,0.005,0,0,1,1,158,1
moderado,kappa,0.01,1,0.0290131,0.0583471,0.11264,0.4,0.4,0.0543372,0.0209134,0.0384238,0.336934,0.4,2,0.829648,0.5,0.730811,0.8625,0.137854,-0,0.005,0,0,1,1,106,1
moderado,kappa,0.01,2,0.0289805,0.0583774,0.112642,0.4,0.4,0.0543344,0.0209105,0.0384238,0.336936,0.4,2,0.94786,0.5,0.730811,0.8625,0.153222,-0,0.005,0,0,1,1,76,1
moderado,kappa,0.01,3,0.0290834,0.05843,0.112487,0.4,0.4,0.0543492,0.0209254,0.0384238,0.336913,0.4,2,0.858336,0.5,0.730811,0.8625,0.141584,-0,0.005,0,0,1,1,60,1
moderado,kappa,0.01,4,0.0290083,0.0583777,0.112614,0.4,0.4,0.0543378,0.020914,0.0384238,0.336931,0.4,2,0.933167,0.5,0.730811,0.8625,0.151312,-0,0.005,0,0,1,1,79,1
moderado,kappa,0.01,5,0.0290829,0.0582037,0.112713,0.4,0.4,0.0543401,0.0209163,0.0384238,0.336938,0.4,2,0.840219,0.5,0.730811,0.8625,0.139228,-0,0.005,0,0,1,1,158,1
moderado,kappa,0.01,6,0.0290706,0.0586138,0.112316,0.4,0.4,0.054355,0.0209312,0.0384238,0.336895,0.4,2,0.970642,0.5,0.730811,0.8625,0.156183,-0,0.005,0,0,1,1,70,1
moderado,kappa,0.01,7,0.0291009,0.0580911,0.112808,0.4,0.4,0.0543379,0.0209141,0.0384238,0.336947,0.4,2,0.843033,0.5,0.730811,0.8625,0.139594,-0,0.005,0,0,1,1,76,1
moderado,kappa,0.01,8,0.0290893,0.0584739,0.112437,0.4,0.4,0.0543517,0.0209279,0.0384238,0.336907,0.4,2,0.941681,0.5,0.730811,0.8625,0.152418,-0,0.005,0,0,1,1,145,1
moderado,kappa,0.01,9,0.0290439,0.0583209,0.112635,0.4,0.4,0.05434,0.0209162,0.0384238,0.336932,0.4,2,0.892829,0.5,0.730811,0.8625,0.146068,-0,0.005,0,0,1,1,67,1
moderado,kappa,0.03,0,0.0290284,0.0584566,0.112515,0.4,0.4,0.0543435,0.0209196,0.0484238,0.336919,0.4,2,0.811563,0.5,0.730811,0.8625,0.135503,-0,0.015,0,0,1,1,90,1
moderado,kappa,0.03,1,0.0290284,0.0583485,0.112623,0.4,0.4,0.0543392,0.0209153,0.0484238,0.336931,0.4,2,0.892989,0.5,0.730811,0.8625,0.146089,-0,0.015,0,0,1,1,101,1
moderado,kappa,0.03,2,0.0290685,0.0583666,0.112565,0.4,0.4,0.0543449,0.020921,0.0484238,0.336922,0.4,2,0.950524,0.5,0.730811,0.8625,0.153568,-0,0.015,0,0,1,1,101,1
moderado,kappa,0.03,3,0.029038,0.0584356,0.112526,0.4,0.4,0.0543438,0.02092,0.0484238,0.33692,0.4,2,0.856953,0.5,0.730811,0.8625,0.141404,-0,0.015,0,0,1,1,46,1
moderado,kappa,0.03,4,0.0290313,0.058404,0.112565,0.4,0.4,0.0543417,0.0209179,0.0484238,0.336925,0.4,2,0.845824,0.5,0.730811,0.8625,0.139957,-0,0.015,0,0,1,1,91,1
moderado,kappa,0.03,5,0.0290755,0.0582366,0.112688,0.4,0.4,0.0543405,0.0209167,0.0484238,0.336935,0.4,2,0.991724,0.5,0.730811,0.8625,0.158924,-0,0.015,0,0,1,1,134,1
moderado,kappa,0.03,6,0.0290706,0.0586138,0.112316,0.4,0.4,0.054355,0.0209312,0.0484238,0.336895,0.4,2,0.970642,0.5,0.730811,0.8625,0.156183,-0,0.015,0,0,1,1,70,1
moderado,kappa,0.03,7,0.0290472,0.0582194,0.112733,0.4,0.4,0.0543363,0.0209125,0.0484238,0.336942,0.4,2,0.895248,0.5,0.730811,0.8625,0.146382,-0,0.015,0,0,1,1,76,1
moderado,kappa,0.03,8,0.0290944,0.058483,0.112423,0.4,0.4,0.0543527,0.0209289,0.0484238,0.336906,0.4,2,0.943285,0.5,0.730811,0.8625,0.152627,-0,0.015,0,0,1,1,145,1
moderado,kappa,0.03,9,0.0290143,0.0583878,0.112598,0.4,0.4,0.054339,0.0209151,0.0484238,0.336929,0.4,2,0.968723,0.5,0.730811,0.8625,0.155934,-0,0.015,0,0,1,1,133,1
moderado,kappa,0.05,0,0.0290506,0.0584356,0.112514,0.4,0.4,0.0543454,0.0209216,0.0584238,0.336918,0.4,2,0.934891,0.5,0.730811,0.8625,0.151536,-0,0.025,0,0,1,1,77,1
moderado,kappa,0.05,1,0.0290332,0.0584632,0.112504,0.4,0.4,0.0543443,0.0209205,0.0584238,0.336918,0.4,2,0.919838,0.5,0.730811,0.8625,0.149579,-0,0.025,0,0,1,1,123,1
moderado,kappa,0.05,2,0.0290685,0.0583666,0.112565,0.4,0.4,0.0543449,0.020921,0.0584238,0.336922,0.4,2,0.950524,0.5,0.730811,0.8625,0.153568,-0,0.025,0,0,1,1,101,1
moderado,kappa,0.05,3,0.029059,0.0584159,0.112525,0.4,0.4,0.0543457,0.0209218,0.0584238,0.336919,0.4,2,0.971743,0.5,0.730811,0.8625,0.156327,-0,0.025,0,0,1,1,64,1
moderado,kappa,0.05,4,0.0290313,0.058404,0.112565,0.4,0.4,0.0543417,0.0209179,0.0584238,0.336925,0.4,2,0.845824,0.5,0.730811,0.8625,0.139957,-0,0.025,0,0,1,1,91,1
moderado,kappa,0.05,5,0.0290133,0.0583877,0.112599,0.4,0.4,0.0543388,0.020915,0.0584238,0.336929,0.4,2,0.918394,0.5,0.730811,0.8625,0.149391,-0,0.025,0,0,1,1,60,1
moderado,kappa,0.05,6,0.0290266,0.0584004,0.112573,0.4,0.4,0.054341,0.0209172,0.0584238,0.336926,0.4,2,0.830671,0.5,0.730811,0.8625,0.137987,-0,0.025,0,0,1,1,148,1
moderado,kappa,0.05,7,0.0291566,0.0579647,0.112879,0.4,0.4,0.0543397,0.0209159,0.0584238,0.336952,0.4,2,0.963436,0.5,0.730811,0.8625,0.155247,-0,0.025,0,0,1,1,91,1
moderado,kappa,0.05,8,0.0290718,0.0584535,0.112475,0.4,0.4,0.0543487,0.0209249,0.0584238,0.336913,0.4,2,0.968518,0.5,0.730811,0.8625,0.155907,-0,0.025,0,0,1,1,164,1
moderado,kappa,0.05,9,0.0290482,0.0584236,0.112528,0.4,0.4,0.0543446,0.0209208,0.0584238,0.33692,0.4,2,0.893183,0.5,0.730811,0.8625,0.146114,-0,0.025,0,0,1,1,67,1
moderado,phi,10,0,0.0290284,0.0584566,0.112515,0.4,0.4,0.0543435,0.0209196,0.0484238,0.336919,0.4,2,0.811563,0.5,0.730811,0.8625,0.135503,-0,0.015,0,0,1,1,90,1
moderado,phi,10,1,0.0290284,0.0583485,0.112623,0.4,0.4,0.0543392,0.0209153,0.0484238,0.336931,0.4,2,0.892989,0.5,0.730811,0.8625,0.146089,-0,0.015,0,0,1,1,101,1
moderado,phi,10,2,0.0290685,0.0583666,0.112565,0.4,0.4,0.0543449,0.020921,0.0484238,0.336922,0.4,2,0.950524,0.5,0.730811,0.8625,0.153568,-0,0.015,0,0,1,1,101,1
moderado,phi,10,3,0.029038,0.0584356,0.112526,0.4,0.4,0.0543438,0.02092,0.0484238,0.33692,0.4,2,0.856953,0.5,0.730811,0.8625,0.141404,-0,0.015,0,0,1,1,46,1
moderado,phi,10,4,0.0290313,0.058404,0.112565,0.4,0.4,0.0543417,0.0209179,0.0484238,0.336925,0.4,2,0.845824,0.5,0.730811,0.8625,0.139957,-0,0.015,0,0,1,1,91,1
moderado,phi,10,5,0.0290755,0.0582366,0.112688,0.4,0.4,0.0543405,0.0209167,0.0484238,0.336935,0.4,2,0.991724,0.5,0.730811,0.8625,0.158924,-0,0.015,0,0,1,1,134,1
moderado,phi,10,6,0.0290706,0.0586138,0.112316,0.4,0.4,0.054355,0.0209312,0.0484238,0.336895,0.4,2,0.970642,0.5,0.730811,0.8625,0.156183,-0,0.015,0,0,1,1,70,1
moderado,phi,10,7,0.0290472,0.0582194,0.112733,0.4,0.4,0.0543363,0.0209125,0.0484238,0.336942,0.4,2,0.895248,0.5,0.730811,0.8625,0.146382,-0,0.015,0,0,1,1,76,1
moderado,phi,10,8,0.0290944,0.058483,0.112423,0.4,0.4,0.0543527,0.0209289,0.0484238,0.336906,0.4,2,0.943285,0.5,0.730811,0.8625,0.152627,-0,0.015,0,0,1,1,145,1
moderado,phi,10,9,0.0290143,0.0583878,0.112598,0.4,0.4,0.054339,0.0209151,0.0484238,0.336929,0.4,2,0.968723,0.5,0.730811,0.8625,0.155934,-0,0.015,0,0,1,1,133,1
moderado,phi,50,0,0.0290284,0.0584566,0.112515,0.4,0.4,0.0543435,0.0209196,0.0484238,0.336919,0.4,2,0.811563,0.5,0.730811,0.8625,0.135503,-0,0.015,0,0,1,1,90,1
moderado,phi,50,1,0.0290284,0.0583485,0.112623,0.4,0.4,0.0543392,0.0209153,0.0484238,0.336931,0.4,2,0.892989,0.5,0.730811,0.8625,0.146089,-0,0.015,0,0,1,1,101,1
moderado,phi,50,2,0.0290685,0.0583666,0.112565,0.4,0.4,0.0543449,0.020921,0.0484238,0.336922,0.4,2,0.950524,0.5,0.730811,0.8625,0.153568,-0,0.015,0,0,1,1,101,1
moderado,phi,50,3,0.029038,0.0584356,0.112526,0.4,0.4,0.0543438,0.02092,0.0484238,0.33692,0.4,2,0.856953,0.5,0.730811,0.8625,0.141404,-0,0.015,0,0,1,1,46,1
moderado,phi,50,4,0.0290313,0.058404,0.112565,0.4,0.4,0.0543417,0.0209179,0.0484238,0.336925,0.4,2,0.845824,0.5,0.730811,0.8625,0.139957,-0,0.015,0,0,1,1,91,1
moderado,phi,50,5,0.0290755,0.0582366,0.112688,0.4,0.4,0.0543405,0.0209167,0.0484238,0.336935,0.4,2,0.991724,0.5,0.730811,0.8625,0.158924,-0,0.015,0,0,1,1,134,1
moderado,phi,50,6,0.0290706,0.0586138,0.112316,0.4,0.4,0.054355,0.0209312,0.0484238,0.336895,0.4,2,0.970642,0.5,0.730811,0.8625,0.156183,-0,0.015,0,0,1,1,70,1
moderado,phi,50,7,0.0290472,0.0582194,0.112733,0.4,0.4,0.0543363,0.0209125,0.0484238,0.336942,0.4,2,0.895248,0.5,0.730811,0.8625,0.146382,-0,0.015,0,0,1,1,76,1
moderado,phi,50,8,0.0290944,0.058483,0.112423,0.4,0.4,0.0543527,0.0209289,0.0484238,0.336906,0.4,2,0.943285,0.5,0.730811,0.8625,0.152627,-0,0.015,0,0,1,1,145,1
moderado,phi,50,9,0.0290143,0.0583878,0.112598,0.4,0.4,0.054339,0.0209151,0.0484238,0.336929,0.4,2,0.968723,0.5,0.730811,0.8625,0.155934,-0,0.015,0,0,1,1,133,1
moderado,phi,200,0,0.0290284,0.0584566,0.112515,0.4,0.4,0.0543435,0.0209196,0.0484238,0.336919,0.4,2,0.811563,0.5,0.730811,0.8625,0.135503,-0,0.015,0,0,1,1,90,1
moderado,phi,200,1,0.0290284,0.0583485,0.112623,0.4,0.4,0.0543392,0.0209153,0.0484238,0.336931,0.4,2,0.892989,0.5,0.730811,0.8625,0.146089,-0,0.015,0,0,1,1,101,1
moderado,phi,200,2,0.0290685,0.0583666,0.112565,0.4,0.4,0.0543449,0.020921,0.0484238,0.336922,0.4,2,0.950524,0.5,0.730811,0.8625,0.153568,-0,0.015,0,0,1,1,101,1
moderado,phi,200,3,0.029038,0.0584356,0.112526,0.4,0.4,0.0543438,0.02092,0.0484238,0.33692,0.4,2,0.856953,0.5,0.730811,0.8625,0.141404,-0,0.015,0,0,1,1,46,1
moderado,phi,200,4,0.0290313,0.058404,0.112565,0.4,0.4,0.0543417,0.0209179,0.0484238,0.336925,0.4,2,0.845824,0.5,0.730811,0.8625,0.139957,-0,0.015,0,0,1,1,91,1
moderado,phi,200,5,0.0290755,0.0582366,0.112688,0.4,0.4,0.0543405,0.0209167,0.0484238,0.336935,0.4,2,0.991724,0.5,0.730811,0.8625,0.158924,-0,0.015,0,0,1,1,134,1
moderado,phi,200,6,0.0290706,0.0586138,0.112316,0.4,0.4,0.054355,0.0209312,0.0484238,0.336895,0.4,2,0.970642,0.5,0.730811,0.8625,0.156183,-0,0.015,0,0,1,1,70,1
moderado,phi,200,7,0.0290472,0.0582194,0.112733,0.4,0.4,0.0543363,0.0209125,0.0484238,0.336942,0.4,2,0.895248,0.5,0.730811,0.8625,0.146382,-0,0.015,0,0,1,1,76,1
moderado,phi,200,8,0.0290944,0.058483,0.112423,0.4,0.4,0.0543527,0.0209289,0.0484238,0.336906,0.4,2,0.943285,0.5,0.730811,0.8625,0.152627,-0,0.015,0,0,1,1,145,1
moderado,phi,200,9,0.0290143,0.0583878,0.112598,0.4,0.4,0.054339,0.0209151,0.0484238,0.336929,0.4,2,0.968723,0.5,0.730811,0.8625,0.155934,-0,0.015,0,0,1,1,133,1
moderado,max_weight,0.35,0,0.0285365,0.0624226,0.209041,0.35,0.35,0.051391,0.0208734,0.0455177,0.293409,0.35,2,0.848298,0.5,0.730811,0.8625,0.140279,-0,0.015,0,0,1,1,71,1
moderado,max_weight,0.35,1,0.0285225,0.0623066,0.209171,0.35,0.35,0.0513846,0.020867,0.0455177,0.293448,0.35,2,0.950195,0.5,0.730811,0.8625,0.153525,-0,0.015,0,0,1,1,113,1
moderado,max_weight,0.35,2,0.0285287,0.0623967,0.209075,0.35,0.35,0.051389,0.0208713,0.0455177,0.293419,0.35,2,0.842923,0.5,0.730811,0.8625,0.13958,-0,0.015,0,0,1,1,62,1
moderado,max_weight,0.35,3,0.0285043,0.0624002,0.209096,0.35,0.35,0.0513861,0.0208685,0.0455177,0.293427,0.35,2,0.934231,0.5,0.730811,0.8625,0.15145,-0,0.015,0,0,1,1,76,1
moderado,max_weight,0.35,4,0.0285812,0.062393,0.209026,0.35,0.35,0.0513954,0.0208777,0.0455177,0.293402,0.35,2,0.975704,0.5,0.730811,0.8625,0.156842,-0,0.015,0,0,1,1,58,1
moderado,max_weight,0.35,5,0.0287429,0.062149,0.209108,0.35,0.35,0.0514057,0.0208881,0.0455176,0.293415,0.35,2,0.897328,0.5,0.730811,0.8625,0.146653,-0,0.015,0,0,1,1,133,1
moderado,max_weight,0.35,6,0.0285145,0.0623514,0.209134,0.35,0.35,0.0513854,0.0208678,0.0455177,0.293438,0.35,2,0.874185,0.5,0.730811,0.8625,0.143644,-0,0.015,0,0,1,1,81,1
moderado,max_weight,0.35,7,0.028659,0.0620167,0.209324,0.35,0.35,0.05139,0.0208724,0.0455176,0.293484,0.35,2,0.992263,0.5,0.730811,0.8625,0.158994,-0,0.015,0,0,1,1,96,1
moderado,max_weight,0.35,8,0.0285182,0.062385,0.209097,0.35,0.35,0.0513873,0.0208696,0.0455177,0.293427,0.35,2,0.883519,0.5,0.730811,0.8625,0.144857,-0,0.015,0,0,1,1,84,1
moderado,max_weight,0.35,9,0.0284962,0.0623843,0.20912,0.35,0.35,0.0513845,0.0208668,0.0455177,0.293435,0.35,2,0.799731,0.5,0.730811,0.8625,0.133965,-0,0.015,0,0,1,1,72,1
moderado,max_weight,0.4,0,0.0290284,0.0584566,0.112515,0.4,0.4,0.0543435,0.0209196,0.0484238,0.336919,0.4,2,0.811563,0.5,0.730811,0.8625,0.135503,-0,0.015,0,0,1,1,90,1
moderado,max_weight,0.4,1,0.0290284,0.0583485,0.112623,0.4,0.4,0.0543392,0.0209153,0.0484238,0.336931,0.4,2,0.892989,0.5,0.730811,0.8625,0.146089,-0,0.015,0,0,1,1,101,1
moderado,max_weight,0.4,2,0.0290685,0.0583666,0.112565,0.4,0.4,0.0543449,0.020921,0.0484238,0.336922,0.4,2,0.950524,0.5,0.730811,0.8625,0.153568,-0,0.015,0,0,1,1,101,1
moderado,max_weight,0.4,3,0.029038,0.0584356,0.112526,0.4,0.4,0.0543438,0.02092,0.0484238,0.33692,0.4,2,0.856953,0.5,0.730811,0.8625,0.141404,-0,0.015,0,0,1,1,46,1
moderado,max_weight,0.4,4,0.0290313,0.058404,0.112565,0.4,0.4,0.0543417,0.0209179,0.0484238,0.336925,0.4,2,0.845824,0.5,0.730811,0.8625,0.139957,-0,0.015,0,0,1,1,91,1
moderado,max_weight,0.4,5,0.0290755,0.0582366,0.112688,0.4,0.4,0.0543405,0.0209167,0.0484238,0.336935,0.4,2,0.991724,0.5,0.730811,0.8625,0.158924,-0,0.015,0,0,1,1,134,1
moderado,max_weight,0.4,6,0.0290706,0.0586138,0.112316,0.4,0.4,0.054355,0.0209312,0.0484238,0.336895,0.4,2,0.970642,0.5,0.730811,0.8625,0.156183,-0,0.015,0,0,1,1,70,1
moderado,max_weight,0.4,7,0.0290472,0.0582194,0.112733,0.4,0.4,0.0543363,0.0209125,0.0484238,0.336942,0.4,2,0.895248,0.5,0.730811,0.8625,0.146382,-0,0.015,0,0,1,1,76,1
moderado,max_weight,0.4,8,0.0290944,0.058483,0.112423,0.4,0.4,0.0543527,0.0209289,0.0484238,0.336906,0.4,2,0.943285,0.5,0.730811,0.8625,0.152627,-0,0.015,0,0,1,1,145,1
moderado,max_weight,0.4,9,0.0290143,0.0583878,0.112598,0.4,0.4,0.054339,0.0209151,0.0484238,0.336929,0.4,2,0.968723,0.5,0.730811,0.8625,0.155934,-0,0.015,0,0,1,1,133,1
moderado,max_weight,0.5,0,0.0221172,0,0,0.477883,0.5,0.0562958,0.018934,0.0523618,0.478861,0.5,1,0.883681,0.5,0.730811,0.8625,0.144879,-0,0.015,0,0,1,1,66,1
moderado,max_weight,0.5,1,0.0221252,1.50267e-10,1.12931e-11,0.477875,0.5,0.0562965,0.0189347,0.0523618,0.478854,0.5,1,0.922402,0.5,0.730811,0.8625,0.149912,-0,0.015,0,0,1,1,66,1
moderado,max_weight,0.5,2,0.022117,0,0,0.477883,0.5,0.0562958,0.018934,0.0523618,0.478861,0.5,1,0.914968,0.5,0.730811,0.8625,0.148946,-0,0.015,0,0,1,1,85,1
moderado,max_weight,0.5,3,0.0221163,0,0,0.477884,0.5,0.0562958,0.0189339,0.0523618,0.478862,0.5,1,0.987269,0.5,0.730811,0.8625,0.158345,-0,0.015,0,0,1,1,56,1
moderado,max_weight,0.5,4,0.0221192,1.1067e-10,3.08175e-12,0.477881,0.5,0.056296,0.0189342,0.0523618,0.478859,0.5,1,0.964219,0.5,0.730811,0.8625,0.155348,-0,0.015,0,0,1,1,80,1
moderado,max_weight,0.5,5,0.022133,0,0,0.477867,0.5,0.0562971,0.0189353,0.0523618,0.478847,0.5,1,0.836621,0.5,0.730811,0.8625,0.138761,-0,0.015,0,0,1,1,50,1
moderado,max_weight,0.5,6,0.022125,1.2472e-08,0,0.477875,0.5,0.0562965,0.0189347,0.0523618,0.478854,0.5,1,0.816244,0.5,0.730811,0.8625,0.136112,-0,0.015,0,0,1,1,71,1
moderado,max_weight,0.5,7,0.0221191,6.65571e-10,0,0.477881,0.5,0.056296,0.0189342,0.0523618,0.478859,0.5,1,0.859009,0.5,0.730811,0.8625,0.141671,-0,0.015,0,0,1,1,72,1
moderado,max_weight,0.5,8,0.0221242,0,0,0.477876,0.5,0.0562964,0.0189346,0.0523618,0.478855,0.5,1,1,0.5,0.730811,0.8625,0.16,-0,0.015,0,0,1,1,58,1
moderado,max_weight,0.5,9,0.0221125,0,0,0.477888,0.5,0.0562954,0.0189336,0.0523618,0.478865,0.5,1,0.976321,0.5,0.730811,0.8625,0.156922,-0,0.015,0,0,1,1,58,1
agresivo,kappa,0.01,0,0.4,0.2,0,0.4,0,0.0988785,0.100509,0.0737003,0.36,0.4,2,0.953887,1,0.853031,0.925,0.154005,-0,0.01,0,0,0.7,0.35,45,1
agresivo,kappa,0.01,1,0.4,0.2,0,0.4,0,0.0988785,0.100509,0.0737003,0.36,0.4,2,0.936272,1,0.853031,0.925,0.151715,-0,0.01,0,0,0.7,0.35,48,1
agresivo,kappa,0.01,2,0.4,0.2,0,0.4,0,0.0988785,0.100509,0.0737003,0.36,0.4,2,0.981719,1,0.853031,0.925,0.157623,-0,0.01,0,0,0.7,0.35,47,1
agresivo,kappa,0.01,3,0.4,0.2,0,0.4,0,0.0988785,0.100509,0.0737003,0.36,0.4,2,0.953869,1,0.853031,0.925,0.154003,-0,0.01,0,0,0.7,0.35,43,1
agresivo,kappa,0.01,4,0.4,0.2,0,0.4,0,0.0988785,0.100509,0.0737003,0.36,0.4,2,0.895856,1,0.853031,0.925,0.146461,-0,0.01,0,0,0.7,0.35,38,1
agresivo,kappa,0.01,5,0.4,0.2,0,0.4,0,0.0988785,0.100509,0.0737003,0.36,0.4,2,0.908249,1,0.853031,0.925,0.148072,-0,0.01,0,0,0.7,0.35,39,1
agresivo,kappa,0.01,6,0.4,0.2,0,0.4,0,0.0988785,0.100509,0.0737003,0.36,0.4,2,0.983374,1,0.853031,0.925,0.157839,-0,0.01,0,0,0.7,0.35,49,1
agresivo,kappa,0.01,7,0.4,0.2,0,0.4,0,0.0988785,0.100509,0.0737003,0.36,0.4,2,0.954146,1,0.853031,0.925,0.154039,-0,0.01,0,0,0.7,0.35,34,1
agresivo,kappa,0.01,8,0.4,0.2,0,0.4,0,0.0988785,0.100509,0.0737003,0.36,0.4,2,0.878187,1,0.853031,0.925,0.144164,-0,0.01,0,0,0.7,0.35,38,1
agresivo,kappa,0.01,9,0.4,0.2,0,0.4,0,0.0988785,0.100509,0.0737003,0.36,0.4,2,0.861275,1,0.853031,0.925,0.141966,-0,0.01,0,0,0.7,0.35,39,1
agresivo,kappa,0.03,0,0.4,0.2,0,0.4,0,0.0988785,0.100509,0.0937003,0.36,0.4,2,0.968175,1,0.853031,0.925,0.155863,-0,0.03,0,0,0.7,0.35,45,1
agresivo,kappa,0.03,1,0.4,0.2,0,0.4,0,0.0988785,0.100509,0.0937003,0.36,0.4,2,0.980394,1,0.853031,0.925,0.157451,-0,0.03,0,0,0.7,0.35,48,1
agresivo,kappa,0.03,2,0.4,0.2,0,0.4,0,0.0988785,0.100509,0.0937003,0.36,0.4,2,0.909851,1,0.853031,0.925,0.148281,-0,0.03,0,0,0.7,0.35,47,1
agresivo,kappa,0.03,3,0.4,0.2,0,0.4,0,0.0988785,0.100509,0.0937003,0.36,0.4,2,0.985349,1,0.853031,0.925,0.158095,-0,0.03,0,0,0.7,0.35,43,1
agresivo,kappa,0.03,4,0.4,0.2,0,0.4,0,0.0988785,0.100509,0.0937003,0.36,0.4,2,0.938608,1,0.853031,0.925,0.152019,-0,0.03,0,0,0.7,0.35,43,1
agresivo,kappa,0.03,5,0.4,0.2,0,0.4,0,0.0988785,0.100509,0.0937003,0.36,0.4,2,0.972458,1,0.853031,0.925,0.15642,-0,0.03,0,0,0.7,0.35,45,1
agresivo,kappa,0.03,6,0.4,0.2,0,0.4,0,0.0988785,0.100509,0.0937003,0.36,0.4,2,0.975633,1,0.853031,0.925,0.156832,-0,0.03,0,0,0.7,0.35,49,1
agresivo,kappa,0.03,7,0.4,0.2,0,0.4,0,0.0988785,0.100509,0.0937003,0.36,0.4,2,1,1,0.853031,0.925,0.16,-0,0.03,0,0,0.7,0.35,40,1
agresivo,kappa,0.03,8,0.4,0.2,0,0.4,0,0.0988785,0.100509,0.0937003,0.36,0.4,2,0.908452,1,0.853031,0.925,0.148099,-0,0.03,0,0,0.7,0.35,38,1
agresivo,kappa,0.03,9,0.4,0.2,0,0.4,0,0.0988785,0.100509,0.0937003,0.36,0.4,2,0.884782,1,0.853031,0.925,0.145022,-0,0.03,0,0,0.7,0.35,38,1
agresivo,kappa,0.05,0,0.4,0.2,0,0.4,0,0.0988785,0.100509,0.1137,0.36,0.4,2,0.935176,1,0.853031,0.925,0.151573,-0,0.05,0,0,0.7,0.35,45,1
agresivo,kappa,0.05,1,0.4,0.2,0,0.4,0,0.0988785,0.100509,0.1137,0.36,0.4,2,0.950546,1,0.853031,0.925,0.153571,-0,0.05,0,0,0.7,0.35,48,1
agresivo,kappa,0.05,2,0.4,0.2,0,0.4,0,0.0988785,0.100509,0.1137,0.36,0.4,2,0.964341,1,0.853031,0.925,0.155364,-0,0.05,0,0,0.7,0.35,47,1
agresivo,kappa,0.05,3,0.4,0.2,0,0.4,0,0.0988785,0.100509,0.1137,0.36,0.4,2,0.985349,1,0.853031,0.925,0.158095,-0,0.05,0,0,0.7,0.35,43,1
agresivo,kappa,0.05,4,0.4,0.2,0,0.4,0,0.0988785,0.100509,0.1137,0.36,0.4,2,0.939119,1,0.853031,0.925,0.152085,-0,0.05,0,0,0.7,0.35,43,1
agresivo,kappa,0.05,5,0.4,0.2,0,0.4,0,0.0988785,0.100509,0.1137,0.36,0.4,2,0.993417,1,0.853031,0.925,0.159144,-0,0.05,0,0,0.7,0.35,45,1
agresivo,kappa,0.05,6,0.4,0.2,0,0.4,0,0.0988785,0.100509,0.1137,0.36,0.4,2,1,1,0.853031,0.925,0.16,-0,0.05,0,0,0.7,0.35,49,1
agresivo,kappa,0.05,7,0.4,0.2,0,0.4,0,0.0988785,0.100509,0.1137,0.36,0.4,2,0.968242,1,0.853031,0.925,0.155871,-0,0.05,0,0,0.7,0.35,40,1
agresivo,kappa,0.05,8,0.4,0.2,0,0.4,0,0.0988785,0.100509,0.1137,0.36,0.4,2,0.881488,1,0.853031,0.925,0.144593,-0,0.05,0,0,0.7,0.35,39,1
agresivo,kappa,0.05,9,0.4,0.2,0,0.4,0,0.0988785,0.100509,0.1137,0.36,0.4,2,0.861041,1,0.853031,0.925,0.141935,-0,0.05,0,0,0.7,0.35,39,1
agresivo,phi,10,0,0.4,0.2,0,0.4,0,0.0988785,0.100509,0.0937003,0.36,0.4,2,0.968175,1,0.853031,0.925,0.155863,-0,0.03,0,0,0.7,0.35,45,1
agresivo,phi,10,1,0.4,0.2,0,0.4,0,0.0988785,0.100509,0.0937003,0.36,0.4,2,0.980394,1,0.853031,0.925,0.157451,-0,0.03,0,0,0.7,0.35,48,1
agresivo,phi,10,2,0.4,0.2,0,0.4,0,0.0988785,0.100509,0.0937003,0.36,0.4,2,0.909851,1,0.853031,0.925,0.148281,-0,0.03,0,0,0.7,0.35,47,1
agresivo,phi,10,3,0.4,0.2,0,0.4,0,0.0988785,0.100509,0.0937003,0.36,0.4,2,0.985349,1,0.853031,0.925,0.158095,-0,0.03,0,0,0.7,0.35,43,1
agresivo,phi,10,4,0.4,0.2,0,0.4,0,0.0988785,0.100509,0.0937003,0.36,0.4,2,0.938608,1,0.853031,0.925,0.152019,-0,0.03,0,0,0.7,0.35,43,1
agresivo,phi,10,5,0.4,0.2,0,0.4,0,0.0988785,0.100509,0.0937003,0.36,0.4,2,0.972458,1,0.853031,0.925,0.15642,-0,0.03,0,0,0.7,0.35,45,1
agresivo,phi,10,6,0.4,0.2,0,0.4,0,0.0988785,0.100509,0.0937003,0.36,0.4,2,0.975633,1,0.853031,0.925,0.156832,-0,0.03,0,0,0.7,0.35,49,1
agresivo,phi,10,7,0.4,0.2,0,0.4,0,0.0988785,0.100509,0.0937003,0.36,0.4,2,1,1,0.853031,0.925,0.16,-0,0.03,0,0,0.7,0.35,40,1
agresivo,phi,10,8,0.4,0.2,0,0.4,0,0.0988785,0.100509,0.0937003,0.36,0.4,2,0.908452,1,0.853031,0.925,0.148099,-0,0.03,0,0,0.7,0.35,38,1
agresivo,phi,10,9,0.4,0.2,0,0.4,0,0.0988785,0.100509,0.0937003,0.36,0.4,2,0.884782,1,0.853031,0.925,0.145022,-0,0.03,0,0,0.7,0.35,38,1
agresivo,phi,50,0,0.4,0.2,0,0.4,0,0.0988785,0.100509,0.0937003,0.36,0.4,2,0.968175,1,0.853031,0.925,0.155863,-0,0.03,0,0,0.7,0.35,45,1
agresivo,phi,50,1,0.4,0.2,0,0.4,0,0.0988785,0.100509,0.0937003,0.36,0.4,2,0.980394,1,0.853031,0.925,0.157451,-0,0.03,0,0,0.7,0.35,48,1
agresivo,phi,50,2,0.4,0.2,0,0.4,0,0.0988785,0.100509,0.0937003,0.36,0.4,2,0.909851,1,0.853031,0.925,0.148281,-0,0.03,0,0,0.7,0.35,47,1
agresivo,phi,50,3,0.4,0.2,0,0.4,0,0.0988785,0.100509,0.0937003,0.36,0.4,2,0.985349,1,0.853031,0.925,0.158095,-0,0.03,0,0,0.7,0.35,43,1
agresivo,phi,50,4,0.4,0.2,0,0.4,0,0.0988785,0.100509,0.0937003,0.36,0.4,2,0.938608,1,0.853031,0.925,0.152019,-0,0.03,0,0,0.7,0.35,43,1
agresivo,phi,50,5,0.4,0.2,0,0.4,0,0.0988785,0.100509,0.0937003,0.36,0.4,2,0.972458,1,0.853031,0.925,0.15642,-0,0.03,0,0,0.7,0.35,45,1
agresivo,phi,50,6,0.4,0.2,0,0.4,0,0.0988785,0.100509,0.0937003,0.36,0.4,2,0.975633,1,0.853031,0.925,0.156832,-0,0.03,0,0,0.7,0.35,49,1
agresivo,phi,50,7,0.4,0.2,0,0.4,0,0.0988785,0.100509,0.0937003,0.36,0.4,2,1,1,0.853031,0.925,0.16,-0,0.03,0,0,0.7,0.35,40,1
agresivo,phi,50,8,0.4,0.2,0,0.4,0,0.0988785,0.100509,0.0937003,0.36,0.4,2,0.908452,1,0.853031,0.925,0.148099,-0,0.03,0,0,0.7,0.35,38,1
agresivo,phi,50,9,0.4,0.2,0,0.4,0,0.0988785,0.100509,0.0937003,0.36,0.4,2,0.884782,1,0.853031,0.925,0.145022,-0,0.03,0,0,0.7,0.35,38,1
agresivo,phi,200,0,0.4,0.2,0,0.4,0,0.0988785,0.100509,0.0937003,0.36,0.4,2,0.968175,1,0.853031,0.925,0.155863,-0,0.03,0,0,0.7,0.35,45,1
agresivo,phi,200,1,0.4,0.2,0,0.4,0,0.0988785,0.100509,0.0937003,0.36,0.4,2,0.980394,1,0.853031,0.925,0.157451,-0,0.03,0,0,0.7,0.35,48,1
agresivo,phi,200,2,0.4,0.2,0,0.4,0,0.0988785,0.100509,0.0937003,0.36,0.4,2,0.909851,1,0.853031,0.925,0.148281,-0,0.03,0,0,0.7,0.35,47,1
agresivo,phi,200,3,0.4,0.2,0,0.4,0,0.0988785,0.100509,0.0937003,0.36,0.4,2,0.985349,1,0.853031,0.925,0.158095,-0,0.03,0,0,0.7,0.35,43,1
agresivo,phi,200,4,0.4,0.2,0,0.4,0,0.0988785,0.100509,0.0937003,0.36,0.4,2,0.938608,1,0.853031,0.925,0.152019,-0,0.03,0,0,0.7,0.35,43,1
agresivo,phi,200,5,0.4,0.2,0,0.4,0,0.0988785,0.100509,0.0937003,0.36,0.4,2,0.972458,1,0.853031,0.925,0.15642,-0,0.03,0,0,0.7,0.35,45,1
agresivo,phi,200,6,0.4,0.2,0,0.4,0,0.0988785,0.100509,0.0937003,0.36,0.4,2,0.975633,1,0.853031,0.925,0.156832,-0,0.03,0,0,0.7,0.35,49,1
agresivo,phi,200,7,0.4,0.2,0,0.4,0,0.0988785,0.100509,0.0937003,0.36,0.4,2,1,1,0.853031,0.925,0.16,-0,0.03,0,0,0.7,0.35,40,1
agresivo,phi,200,8,0.4,0.2,0,0.4,0,0.0988785,0.100509,0.0937003,0.36,0.4,2,0.908452,1,0.853031,0.925,0.148099,-0,0.03,0,0,0.7,0.35,38,1
agresivo,phi,200,9,0.4,0.2,0,0.4,0,0.0988785,0.100509,0.0937003,0.36,0.4,2,0.884782,1,0.853031,0.925,0.145022,-0,0.03,0,0,0.7,0.35,38,1
agresivo,max_weight,0.35,0,0.35,0.3,0,0.35,0,0.0945187,0.0939026,0.0916528,0.335,0.35,2,0.898002,1,0.853031,0.925,0.14674,-0,0.03,0,0,0.7,0.35,35,1
agresivo,max_weight,0.35,1,0.35,0.3,0,0.35,0,0.0945187,0.0939026,0.0916528,0.335,0.35,2,0.963612,1,0.853031,0.925,0.15527,-0,0.03,0,0,0.7,0.35,48,1
agresivo,max_weight,0.35,2,0.35,0.3,0,0.35,0,0.0945187,0.0939026,0.0916528,0.335,0.35,2,0.968336,1,0.853031,0.925,0.155884,-0,0.03,0,0,0.7,0.35,33,1
agresivo,max_weight,0.35,3,0.35,0.3,0,0.35,0,0.0945187,0.0939026,0.0916528,0.335,0.35,2,0.928521,1,0.853031,0.925,0.150708,-0,0.03,0,0,0.7,0.35,38,1
agresivo,max_weight,0.35,4,0.35,0.3,0,0.35,0,0.0945187,0.0939026,0.0916528,0.335,0.35,2,0.917252,1,0.853031,0.925,0.149243,-0,0.03,0,0,0.7,0.35,56,1
agresivo,max_weight,0.35,5,0.35,0.3,0,0.35,0,0.0945187,0.0939026,0.0916528,0.335,0.35,2,1,1,0.853031,0.925,0.16,-0,0.03,0,0,0.7,0.35,39,1
agresivo,max_weight,0.35,6,0.35,0.3,0,0.35,0,0.0945187,0.0939026,0.0916528,0.335,0.35,2,0.958369,1,0.853031,0.925,0.154588,-0,0.03,0,0,0.7,0.35,42,1
agresivo,max_weight,0.35,7,0.35,0.3,0,0.35,0,0.0945187,0.0939026,0.0916528,0.335,0.35,2,0.923838,1,0.853031,0.925,0.150099,-0,0.03,0,0,0.7,0.35,40,1
agresivo,max_weight,0.35,8,0.35,0.3,0,0.35,0,0.0945187,0.0939026,0.0916528,0.335,0.35,2,0.890657,1,0.853031,0.925,0.145785,-0,0.03,0,0,0.7,0.35,47,1
agresivo,max_weight,0.35,9,0.35,0.3,0,0.35,0,0.0945187,0.0939026,0.0916528,0.335,0.35,2,0.866767,1,0.853031,0.925,0.14268,-0,0.03,0,0,0.7,0.35,40,1
agresivo,max_weight,0.4,0,0.4,0.2,0,0.4,0,0.0988785,0.100509,0.0937003,0.36,0.4,2,0.968175,1,0.853031,0.925,0.155863,-0,0.03,0,0,0.7,0.35,45,1
agresivo,max_weight,0.4,1,0.4,0.2,0,0.4,0,0.0988785,0.100509,0.0937003,0.36,0.4,2,0.980394,1,0.853031,0.925,0.157451,-0,0.03,0,0,0.7,0.35,48,1
agresivo,max_weight,0.4,2,0.4,0.2,0,0.4,0,0.0988785,0.100509,0.0937003,0.36,0.4,2,0.909851,1,0.853031,0.925,0.148281,-0,0.03,0,0,0.7,0.35,47,1
agresivo,max_weight,0.4,3,0.4,0.2,0,0.4,0,0.0988785,0.100509,0.0937003,0.36,0.4,2,0.985349,1,0.853031,0.925,0.158095,-0,0.03,0,0,0.7,0.35,43,1
agresivo,max_weight,0.4,4,0.4,0.2,0,0.4,0,0.0988785,0.100509,0.0937003,0.36,0.4,2,0.938608,1,0.853031,0.925,0.152019,-0,0.03,0,0,0.7,0.35,43,1
agresivo,max_weight,0.4,5,0.4,0.2,0,0.4,0,0.0988785,0.100509,0.0937003,0.36,0.4,2,0.972458,1,0.853031,0.925,0.15642,-0,0.03,0,0,0.7,0.35,45,1
agresivo,max_weight,0.4,6,0.4,0.2,0,0.4,0,0.0988785,0.100509,0.0937003,0.36,0.4,2,0.975633,1,0.853031,0.925,0.156832,-0,0.03,0,0,0.7,0.35,49,1
agresivo,max_weight,0.4,7,0.4,0.2,0,0.4,0,0.0988785,0.100509,0.0937003,0.36,0.4,2,1,1,0.853031,0.925,0.16,-0,0.03,0,0,0.7,0.35,40,1
agresivo,max_weight,0.4,8,0.4,0.2,0,0.4,0,0.0988785,0.100509,0.0937003,0.36,0.4,2,0.908452,1,0.853031,0.925,0.148099,-0,0.03,0,0,0.7,0.35,38,1
agresivo,max_weight,0.4,9,0.4,0.2,0,0.4,0,0.0988785,0.100509,0.0937003,0.36,0.4,2,0.884782,1,0.853031,0.925,0.145022,-0,0.03,0,0,0.7,0.35,38,1
agresivo,max_weight,0.5,0,0.5,0,0,0.5,0,0.107598,0.116436,0.0968457,0.5,0.5,2,0.861441,1,0.853031,0.925,0.141987,-0,0.03,0,0,0.7,0.35,38,1
agresivo,max_weight,0.5,1,0.5,0,0,0.5,0,0.107598,0.116436,0.0968457,0.5,0.5,2,0.973247,1,0.853031,0.925,0.156522,-0,0.03,0,0,0.7,0.35,55,1
agresivo,max_weight,0.5,2,0.5,0,0,0.5,0,0.107598,0.116436,0.0968457,0.5,0.5,2,0.910514,1,0.853031,0.925,0.148367,-0,0.03,0,0,0.7,0.35,59,1
agresivo,max_weight,0.5,3,0.5,0,0,0.5,0,0.107598,0.116436,0.0968457,0.5,0.5,2,0.968824,1,0.853031,0.925,0.155947,-0,0.03,0,0,0.7,0.35,60,1
agresivo,max_weight,0.5,4,0.5,0,0,0.5,0,0.107598,0.116436,0.0968457,0.5,0.5,2,0.950053,1,0.853031,0.925,0.153507,-0,0.03,0,0,0.7,0.35,62,1
agresivo,max_weight,0.5,5,0.5,0,0,0.5,0,0.107598,0.116436,0.0968457,0.5,0.5,2,0.992764,1,0.853031,0.925,0.159059,-0,0.03,0,0,0.7,0.35,71,1
agresivo,max_weight,0.5,6,0.5,0,0,0.5,0,0.107598,0.116436,0.0968457,0.5,0.5,2,0.956993,1,0.853031,0.925,0.154409,-0,0.03,0,0,0.7,0.35,55,1
agresivo,max_weight,0.5,7,0.5,0,0,0.5,0,0.107598,0.116436,0.0968457,0.5,0.5,2,0.919655,1,0.853031,0.925,0.149555,-0,0.03,0,0,0.7,0.35,52,1
agresivo,max_weight,0.5,8,0.5,0,0,0.5,0,0.107598,0.116436,0.0968457,0.5,0.5,2,0.913672,1,0.853031,0.925,0.148777,-0,0.03,0,0,0.7,0.35,65,1
agresivo,max_weight,0.5,9,0.5,0,0,0.5,0,0.107598,0.116436,0.0968457,0.5,0.5,2,0.977873,1,0.853031,0.925,0.157123,-0,0.03,0,0,0.7,0.35,62,1
estres_baja_absorcion,kappa,0.01,0,0.213066,0.0972139,5.32792e-08,0.4,0.28972,0.0767655,0.0564304,0.0563279,0.298785,0.4,1,0.202757,0.777778,0.156591,0.1025,0.0563584,-2.59006e-07,0.00777778,1,1,1,0.5,200,0
estres_baja_absorcion,kappa,0.01,1,0.212923,0.0983894,1.30207e-11,0.4,0.288688,0.0767762,0.056451,0.056328,0.298357,0.4,1,0.202689,0.777778,0.156591,0.1025,0.0563496,-5.14582e-07,0.00777778,1,1,1,0.5,200,0
estres_baja_absorcion,kappa,0.01,2,0.209504,0.0942135,0,0.4,0.296283,0.0763212,0.0555569,0.0563203,0.300551,0.4,1,0.196036,0.777778,0.156591,0.1025,0.0554846,-2.60892e-07,0.00777778,1,1,1,0.5,133,1
estres_baja_absorcion,kappa,0.01,3,0.212012,0.10077,2.9509e-08,0.4,0.287219,0.0767318,0.0563635,0.0563275,0.297598,0.4,1,0.202156,0.777778,0.156591,0.1025,0.0562803,-3.45758e-07,0.00777778,1,1,1,0.5,200,0
estres_baja_absorcion,kappa,0.01,4,0.213524,0.0990719,0,0.4,0.287404,0.076855,0.056606,0.0563296,0.298009,0.4,1,0.204156,0.777778,0.156591,0.1025,0.0565402,-2.16631e-07,0.00777778,1,1,1,0.5,157,1
estres_baja_absorcion,kappa,0.01,5,0.214012,0.0955765,0,0.4,0.290412,0.0768299,0.0565581,0.0563286,0.299275,0.4,1,0.204167,0.777778,0.156591,0.1025,0.0565417,-1.33953e-08,0.00777778,1,1,1,0.5,200,0
estres_baja_absorcion,kappa,0.01,6,0.213733,0.10075,0,0.4,0.285517,0.0769141,0.0567223,0.0563304,0.297352,0.4,1,0.204936,0.777778,0.156591,0.1025,0.0566417,-3.24593e-07,0.00777778,1,1,1,0.5,143,1
estres_baja_absorcion,kappa,0.01,7,0.213492,0.0987346,5.23884e-11,0.4,0.287773,0.0768442,0.0565849,0.0563295,0.298141,0.4,1,0.204357,0.777778,0.156591,0.1025,0.0565664,-1.71582e-08,0.00777778,1,1,1,0.5,200,0
estres_baja_absorcion,kappa,0.01,8,0.21323,0.0979845,0,0.4,0.288786,0.0767999,0.0564977,0.0563287,0.298465,0.4,1,0.203443,0.777778,0.156591,0.1025,0.0564476,-1.25539e-07,0.00777778,1,1,1,0.5,200,0
estres_baja_absorcion,kappa,0.01,9,0.210727,0.0949514,2.70304e-10,0.4,0.294322,0.0764673,0.0558441,0.056323,0.300047,0.4,1,0.20008,0.777778,0.156591,0.1025,0.0560103,-0,0.00777778,0,1,1,0.5,200,0
estres_baja_absorcion,kappa,0.03,0,0.212551,0.0972538,0,0.4,0.290195,0.0767117,0.0563244,0.0718827,0.298849,0.4,1,0.202082,0.777778,0.156591,0.1025,0.0562707,-1.44188e-07,0.0233333,1,1,1,0.5,200,0
estres_baja_absorcion,kappa,0.03,1,0.21264,0.0949954,6.39653e-09,0.4,0.292365,0.0766714,0.0562461,0.0718817,0.299717,0.4,1,0.201922,0.777778,0.156591,0.1025,0.0562498,-0,0.0233333,0,1,1,0.5,200,0
estres_baja_absorcion,kappa,0.03,2,0.213095,0.0965736,7.97644e-10,0.4,0.290332,0.0767545,0.0564088,0.0718829,0.299028,0.4,1,0.2024,0.777778,0.156591,0.1025,0.056312,-4.68996e-07,0.0233333,1,1,1,0.5,200,0
estres_baja_absorcion,kappa,0.03,3,0.212186,0.100764,1.39075e-07,0.4,0.28705,0.0767501,0.0563996,0.0718834,0.297574,0.4,1,0.202544,0.777778,0.156591,0.1025,0.0563307,-2.36834e-07,0.0233333,1,1,1,0.5,200,0
estres_baja_absorcion,kappa,0.03,4,0.212809,0.0975956,5.33083e-09,0.4,0.289595,0.0767467,0.0563931,0.0718834,0.298678,0.4,1,0.202892,0.777778,0.156591,0.1025,0.056376,-1.46213e-08,0.0233333,1,1,1,0.5,200,0
estres_baja_absorcion,kappa,0.03,5,0.213648,0.097619,3.17438e-08,0.4,0.288733,0.0768362,0.0565694,0.0718845,0.298542,0.4,1,0.203785,0.777778,0.156591,0.1025,0.0564921,-2.98961e-07,0.0233333,1,1,1,0.5,200,0
estres_baja_absorcion,kappa,0.03,6,0.214177,0.0962634,1.80184e-08,0.4,0.28956,0.0768626,0.056622,0.0718847,0.298983,0.4,1,0.204274,0.777778,0.156591,0.1025,0.0565556,-2.2065e-07,0.0233333,1,1,1,0.5,178,1
estres_baja_absorcion,kappa,0.03,7,0.212436,0.0976317,8.7551e-12,0.399999,0.289934,0.0767078,0.0563165,0.0718829,0.298722,0.399999,1,0.202561,0.777778,0.156591,0.1025,0.056333,-0,0.0233333,0,1,1,0.5,200,0
estres_baja_absorcion,kappa,0.03,8,0.212733,0.095723,7.05673e-11,0.4,0.291544,0.0766974,0.0562968,0.071882,0.299416,0.4,1,0.201721,0.777778,0.156591,0.1025,0.0562237,-2.66608e-07,0.0233333,1,1,1,0.5,175,1
estres_baja_absorcion,kappa,0.03,9,0.211561,0.0963294,1.90828e-10,0.4,0.292109,0.0765863,0.0560777,0.0718808,0.299365,0.4,1,0.20111,0.777778,0.156591,0.1025,0.0561443,-0,0.0233333,0,1,1,0.5,200,0
estres_baja_absorcion,kappa,0.05,0,0.212753,0.0979315,0,0.4,0.289316,0.076748,0.0563956,0.087439,0.298558,0.4,1,0.20266,0.777778,0.156591,0.1025,0.0563458,-1.24092e-07,0.0388889,1,1,1,0.5,200,0
estres_baja_absorcion,kappa,0.05,1,0.213663,0.0975593,1.40998e-09,0.4,0.288778,0.0768365,0.05657,0.08744,0.298562,0.4,1,0.203739,0.777778,0.156591,0.1025,0.056486,-3.52203e-07,0.0388889,1,1,1,0.5,200,0
estres_baja_absorcion,kappa,0.05,2,0.21299,0.0964472,1.05108e-09,0.4,0.290563,0.0767406,0.0563816,0.0874384,0.299094,0.4,1,0.202299,0.777778,0.156591,0.1025,0.0562988,-3.42174e-07,0.0388889,1,1,1,0.5,200,0
estres_baja_absorcion,kappa,0.05,3,0.212186,0.100764,1.39075e-07,0.4,0.28705,0.0767501,0.0563996,0.087439,0.297574,0.4,1,0.202544,0.777778,0.156591,0.1025,0.0563307,-2.36834e-07,0.0388889,1,1,1,0.5,200,0
estres_baja_absorcion,kappa,0.05,4,0.21161,0.0944101,3.8776e-09,0.4,0.293979,0.0765493,0.0560058,0.0874353,0.300116,0.4,1,0.203255,0.777778,0.156591,0.1025,0.0564232,-0,0.0388889,0,1,1,0.5,200,0
estres_baja_absorcion,kappa,0.05,5,0.21285,0.0934724,0,0.4,0.293678,0.0766603,0.0562252,0.0874366,0.300289,0.4,1,0.202663,0.777778,0.156591,0.1025,0.0563462,-0,0.0388889,0,1,1,0.5,200,0
estres_baja_absorcion,kappa,0.05,6,0.211294,0.0961734,1.42455e-08,0.4,0.292533,0.0765544,0.0560151,0.0874354,0.29947,0.4,1,0.19946,0.777778,0.156591,0.1025,0.0559298,-3.64039e-07,0.0388889,1,1,1,0.5,189,1
estres_baja_absorcion,kappa,0.05,7,0.213642,0.0990086,7.87647e-11,0.4,0.28735,0.0768661,0.056628,0.087441,0.298015,0.4,1,0.204761,0.777778,0.156591,0.1025,0.0566189,-4.09073e-09,0.0388889,1,1,1,0.5,200,0
estres_baja_absorcion,kappa,0.05,8,0.212771,0.0983104,5.651e-08,0.4,0.288918,0.0767583,0.0564159,0.0874391,0.29841,0.4,1,0.202722,0.777778,0.156591,0.1025,0.0563539,-1.91936e-07,0.0388889,1,1,1,0.5,200,0
estres_baja_absorcion,kappa,0.05,9,0.210493,0.094296,2.13426e-11,0.4,0.295211,0.076428,0.0557671,0.0874334,0.300349,0.4,1,0.19872,0.777778,0.156591,0.1025,0.0558336,-0,0.0388889,0,1,1,0.5,200,0
estres_baja_absorcion,phi,10,0,0.213936,0.100776,0,0.4,0.285288,0.0769363,0.0567659,0.0718851,0.297314,0.4,1,0.202812,0.777778,0.156591,0.1025,0.0563656,-1.60269e-06,0.0233333,1,1,1,0.5,189,1
estres_baja_absorcion,phi,10,1,0.215183,0.100285,2.77928e-14,0.4,0.284532,0.0770579,0.0570054,0.0718871,0.297319,0.4,1,0.204792,0.777778,0.156591,0.1025,0.056623,-1.46261e-06,0.0233333,1,1,1,0.5,200,0
estres_baja_absorcion,phi,10,2,0.213859,0.0997728,7.97537e-11,0.4,0.286368,0.076906,0.0567064,0.0718845,0.297697,0.4,1,0.202334,0.777778,0.156591,0.1025,0.0563035,-1.62344e-06,0.0233333,1,1,1,0.5,200,0
estres_baja_absorcion,phi,10,3,0.215218,0.0994995,6.01807e-10,0.4,0.285282,0.0770444,0.0569789,0.0718864,0.297605,0.4,1,0.204254,0.777778,0.156591,0.1025,0.0565531,-1.81329e-06,0.0233333,1,1,1,0.5,200,0
estres_baja_absorcion,phi,10,4,0.214703,0.100753,0,0.4,0.284544,0.0770172,0.0569251,0.0718864,0.297214,0.4,1,0.20408,0.777778,0.156591,0.1025,0.0565304,-1.55821e-06,0.0233333,1,1,1,0.5,179,1
estres_baja_absorcion,phi,10,5,0.214788,0.0979768,0,0.4,0.287235,0.0769652,0.0568235,0.0718857,0.298237,0.4,1,0.203792,0.777778,0.156591,0.1025,0.0564929,-1.09247e-06,0.0233333,1,1,1,0.5,92,1
estres_baja_absorcion,phi,10,6,0.214511,0.101248,0,0.4,0.284241,0.0770077,0.0569065,0.0718862,0.297059,0.4,1,0.203912,0.777778,0.156591,0.1025,0.0565086,-1.58371e-06,0.0233333,1,1,1,0.5,145,1
estres_baja_absorcion,phi,10,7,0.213882,0.100053,4.39933e-10,0.4,0.286066,0.0769146,0.0567233,0.0718856,0.297589,0.4,1,0.203553,0.777778,0.156591,0.1025,0.0564619,-6.83203e-07,0.0233333,1,1,1,0.5,200,0
estres_baja_absorcion,phi,10,8,0.214657,0.100834,0,0.4,0.284509,0.0770141,0.0569191,0.0718863,0.29719,0.4,1,0.204042,0.777778,0.156591,0.1025,0.0565255,-1.54916e-06,0.0233333,1,1,1,0.5,189,1
estres_baja_absorcion,phi,10,9,0.215175,0.101076,6.47975e-10,0.4,0.283749,0.0770745,0.057038,0.0718873,0.29703,0.4,1,0.204957,0.777778,0.156591,0.1025,0.0566444,-1.54911e-06,0.0233333,1,1,1,0.5,200,0
estres_baja_absorcion,phi,50,0,0.212551,0.0972538,0,0.4,0.290195,0.0767117,0.0563244,0.0718827,0.298849,0.4,1,0.202082,0.777778,0.156591,0.1025,0.0562707,-1.44188e-07,0.0233333,1,1,1,0.5,200,0
estres_baja_absorcion,phi,50,1,0.21264,0.0949954,6.39653e-09,0.4,0.292365,0.0766714,0.0562461,0.0718817,0.299717,0.4,1,0.201922,0.777778,0.156591,0.1025,0.0562498,-0,0.0233333,0,1,1,0.5,200,0
estres_baja_absorcion,phi,50,2,0.213095,0.0965736,7.97644e-10,0.4,0.290332,0.0767545,0.0564088,0.0718829,0.299028,0.4,1,0.2024,0.777778,0.156591,0.1025,0.056312,-4.68996e-07,0.0233333,1,1,1,0.5,200,0
estres_baja_absorcion,phi,50,3,0.212186,0.100764,1.39075e-07,0.4,0.28705,0.0767501,0.0563996,0.0718834,0.297574,0.4,1,0.202544,0.777778,0.156591,0.1025,0.0563307,-2.36834e-07,0.0233333,1,1,1,0.5,200,0
estres_baja_absorcion,phi,50,4,0.212809,0.0975956,5.33083e-09,0.4,0.289595,0.0767467,0.0563931,0.0718834,0.298678,0.4,1,0.202892,0.777778,0.156591,0.1025,0.056376,-1.46213e-08,0.0233333,1,1,1,0.5,200,0
estres_baja_absorcion,phi,50,5,0.213648,0.097619,3.17438e-08,0.4,0.288733,0.0768362,0.0565694,0.0718845,0.298542,0.4,1,0.203785,0.777778,0.156591,0.1025,0.0564921,-2.98961e-07,0.0233333,1,1,1,0.5,200,0
estres_baja_absorcion,phi,50,6,0.214177,0.0962634,1.80184e-08,0.4,0.28956,0.0768626,0.056622,0.0718847,0.298983,0.4,1,0.204274,0.777778,0.156591,0.1025,0.0565556,-2.2065e-07,0.0233333,1,1,1,0.5,178,1
estres_baja_absorcion,phi,50,7,0.212436,0.0976317,8.7551e-12,0.399999,0.289934,0.0767078,0.0563165,0.0718829,0.298722,0.399999,1,0.202561,0.777778,0.156591,0.1025,0.056333,-0,0.0233333,0,1,1,0.5,200,0
estres_baja_absorcion,phi,50,8,0.212733,0.095723,7.05673e-11,0.4,0.291544,0.0766974,0.0562968,0.071882,0.299416,0.4,1,0.201721,0.777778,0.156591,0.1025,0.0562237,-2.66608e-07,0.0233333,1,1,1,0.5,175,1
estres_baja_absorcion,phi,50,9,0.211561,0.0963294,1.90828e-10,0.4,0.292109,0.0765863,0.0560777,0.0718808,0.299365,0.4,1,0.20111,0.777778,0.156591,0.1025,0.0561443,-0,0.0233333,0,1,1,0.5,200,0
estres_baja_absorcion,phi,200,0,0.210555,0.0961328,1.76355e-08,0.399999,0.293313,0.076475,0.0558588,0.0718786,0.299607,0.399999,1,0.198573,0.777778,0.156591,0.1025,0.0558145,-3.93266e-07,0.0233333,1,1,1,0.5,200,0
estres_baja_absorcion,phi,200,1,0.211023,0.0956728,0,0.4,0.293304,0.0765147,0.055937,0.0718795,0.299711,0.4,1,0.199477,0.777778,0.156591,0.1025,0.0559321,-4.77225e-09,0.0233333,1,1,1,0.5,200,0
estres_baja_absorcion,phi,200,2,0.213642,0.0954163,7.14794e-11,0.4,0.290942,0.0767871,0.0564738,0.0718835,0.299394,0.4,1,0.203489,0.777778,0.156591,0.1025,0.0564536,-8.15378e-08,0.0233333,1,1,1,0.5,200,0
estres_baja_absorcion,phi,200,3,0.211893,0.0984065,2.74836e-09,0.4,0.2897,0.0766672,0.0562365,0.0718822,0.298509,0.4,1,0.201634,0.777778,0.156591,0.1025,0.0562124,-1.15754e-07,0.0233333,1,1,1,0.5,200,0
estres_baja_absorcion,phi,200,4,0.212382,0.0976341,4.1537e-07,0.4,0.289984,0.0767021,0.0563053,0.0718828,0.298729,0.4,1,0.202595,0.777778,0.156591,0.1025,0.0563374,-0,0.0233333,0,1,1,0.5,200,0
estres_baja_absorcion,phi,200,5,0.213179,0.0993514,1.17474e-07,0.4,0.28747,0.0768245,0.056546,0.0718848,0.297955,0.4,1,0.204079,0.777778,0.156591,0.1025,0.0565303,-4.87966e-08,0.0233333,1,1,1,0.5,200,0
estres_baja_absorcion,phi,200,6,0.213482,0.0963342,0,0.4,0.290184,0.0767903,0.0564796,0.0718838,0.299062,0.4,1,0.203529,0.777778,0.156591,0.1025,0.0564588,-8.66488e-08,0.0233333,1,1,1,0.5,175,1
estres_baja_absorcion,phi,200,7,0.210388,0.0946321,2.68881e-11,0.4,0.294979,0.0764244,0.0557597,0.0718779,0.300231,0.4,1,0.198176,0.777778,0.156591,0.1025,0.0557628,-0,0.0233333,0,1,1,0.5,154,1
estres_baja_absorcion,phi,200,8,0.213598,0.092648,1.72449e-06,0.4,0.293753,0.0767215,0.0563467,0.0718814,0.300498,0.4,1,0.202532,0.777778,0.156591,0.1025,0.0563291,-6.22421e-08,0.0233333,1,1,1,0.5,200,0
estres_baja_absorcion,phi,200,9,0.208939,0.0989365,0,0.4,0.292125,0.0763651,0.0556423,0.0718772,0.298781,0.4,1,0.197101,0.777778,0.156591,0.1025,0.0556232,-7.33242e-08,0.0233333,1,1,1,0.5,200,0
estres_baja_absorcion,max_weight,0.35,0,0.215958,0.105614,1.22362e-09,0.35,0.328428,0.0760075,0.0564766,0.0711025,0.288157,0.35,1,0.203458,0.777778,0.156591,0.1025,0.0564495,-3.65492e-08,0.0233333,1,1,1,0.5,200,0
estres_baja_absorcion,max_weight,0.35,1,0.213259,0.102249,7.5925e-08,0.35,0.334493,0.0756467,0.0557627,0.0710987,0.290319,0.35,1,0.19839,0.777778,0.156591,0.1025,0.0557907,-0,0.0233333,0,1,1,0.5,200,0
estres_baja_absorcion,max_weight,0.35,2,0.216078,0.10428,1.86561e-09,0.35,0.329643,0.0759908,0.0564436,0.0711022,0.288728,0.35,1,0.203061,0.777778,0.156591,0.1025,0.0563979,-1.04406e-07,0.0233333,1,1,1,0.5,187,1
estres_baja_absorcion,max_weight,0.35,3,0.215001,0.104313,1.48143e-11,0.35,0.330686,0.0758772,0.0562187,0.0711012,0.28896,0.35,1,0.20154,0.777778,0.156591,0.1025,0.0562002,-1.71825e-08,0.0233333,1,1,1,0.5,200,0
estres_baja_absorcion,max_weight,0.35,4,0.216002,0.104876,9.5765e-09,0.35,0.329122,0.0759959,0.0564536,0.0711024,0.288477,0.35,1,0.203522,0.777778,0.156591,0.1025,0.0564578,-0,0.0233333,0,1,1,0.5,200,0
estres_baja_absorcion,max_weight,0.35,5,0.216505,0.104382,8.72555e-09,0.35,0.329113,0.0760384,0.0565379,0.0711027,0.288585,0.35,1,0.203956,0.777778,0.156591,0.1025,0.0565142,-2.81381e-08,0.0233333,1,1,1,0.5,200,0
estres_baja_absorcion,max_weight,0.35,6,0.216552,0.104079,4.31048e-11,0.35,0.329369,0.0760368,0.0565348,0.0711025,0.288711,0.35,1,0.203678,0.777778,0.156591,0.1025,0.0564782,-1.60103e-07,0.0233333,1,1,1,0.5,175,1
estres_baja_absorcion,max_weight,0.35,7,0.214559,0.102459,0,0.35,0.332982,0.0757894,0.0560452,0.0711002,0.28991,0.35,1,0.200802,0.777778,0.156591,0.1025,0.0561043,-0,0.0233333,0,1,1,0.5,200,0
estres_baja_absorcion,max_weight,0.35,8,0.2159,0.105576,1.06998e-09,0.35,0.328524,0.0760005,0.0564627,0.0711023,0.288187,0.35,1,0.203177,0.777778,0.156591,0.1025,0.056413,-1.23682e-07,0.0233333,1,1,1,0.5,180,1
estres_baja_absorcion,max_weight,0.35,9,0.213697,0.101322,0,0.35,0.334981,0.0756729,0.0558147,0.0710989,0.290645,0.35,1,0.198483,0.777778,0.156591,0.1025,0.0558028,-7.09964e-09,0.0233333,1,1,1,0.5,200,0
estres_baja_absorcion,max_weight,0.4,0,0.212551,0.0972538,0,0.4,0.290195,0.0767117,0.0563244,0.0718827,0.298849,0.4,1,0.202082,0.777778,0.156591,0.1025,0.0562707,-1.44188e-07,0.0233333,1,1,1,0.5,200,0
estres_baja_absorcion,max_weight,0.4,1,0.21264,0.0949954,6.39653e-09,0.4,0.292365,0.0766714,0.0562461,0.0718817,0.299717,0.4,1,0.201922,0.777778,0.156591,0.1025,0.0562498,-0,0.0233333,0,1,1,0.5,200,0
estres_baja_absorcion,max_weight,0.4,2,0.213095,0.0965736,7.97644e-10,0.4,0.290332,0.0767545,0.0564088,0.0718829,0.299028,0.4,1,0.2024,0.777778,0.156591,0.1025,0.056312,-4.68996e-07,0.0233333,1,1,1,0.5,200,0
estres_baja_absorcion,max_weight,0.4,3,0.212186,0.100764,1.39075e-07,0.4,0.28705,0.0767501,0.0563996,0.0718834,0.297574,0.4,1,0.202544,0.777778,0.156591,0.1025,0.0563307,-2.36834e-07,0.0233333,1,1,1,0.5,200,0
estres_baja_absorcion,max_weight,0.4,4,0.212809,0.0975956,5.33083e-09,0.4,0.289595,0.0767467,0.0563931,0.0718834,0.298678,0.4,1,0.202892,0.777778,0.156591,0.1025,0.056376,-1.46213e-08,0.0233333,1,1,1,0.5,200,0
estres_baja_absorcion,max_weight,0.4,5,0.213648,0.097619,3.17438e-08,0.4,0.288733,0.0768362,0.0565694,0.0718845,0.298542,0.4,1,0.203785,0.777778,0.156591,0.1025,0.0564921,-2.98961e-07,0.0233333,1,1,1,0.5,200,0
estres_baja_absorcion,max_weight,0.4,6,0.214177,0.0962634,1.80184e-08,0.4,0.28956,0.0768626,0.056622,0.0718847,0.298983,0.4,1,0.204274,0.777778,0.156591,0.1025,0.0565556,-2.2065e-07,0.0233333,1,1,1,0.5,178,1
estres_baja_absorcion,max_weight,0.4,7,0.212436,0.0976317,8.7551e-12,0.399999,0.289934,0.0767078,0.0563165,0.0718829,0.298722,0.399999,1,0.202561,0.777778,0.156591,0.1025,0.056333,-0,0.0233333,0,1,1,0.5,200,0
estres_baja_absorcion,max_weight,0.4,8,0.212733,0.095723,7.05673e-11,0.4,0.291544,0.0766974,0.0562968,0.071882,0.299416,0.4,1,0.201721,0.777778,0.156591,0.1025,0.0562237,-2.66608e-07,0.0233333,1,1,1,0.5,175,1
estres_baja_absorcion,max_weight,0.4,9,0.211561,0.0963294,1.90828e-10,0.4,0.292109,0.0765863,0.0560777,0.0718808,0.299365,0.4,1,0.20111,0.777778,0.156591,0.1025,0.0561443,-0,0.0233333,0,1,1,0.5,200,0
estres_baja_absorcion,max_weight,0.5,0,0.206893,0.0883524,5.28293e-10,0.5,0.204754,0.078415,0.0567458,0.0733719,0.342535,0.5,1,0.203692,0.777778,0.156591,0.1025,0.0564799,-3.53486e-06,0.0233333,1,1,1,0.5,200,0
estres_baja_absorcion,max_weight,0.5,1,0.205371,0.0865561,5.66392e-09,0.499999,0.208074,0.0782138,0.0563562,0.0733684,0.342963,0.499999,1,0.201853,0.777778,0.156591,0.1025,0.0562409,-6.64612e-07,0.0233333,1,1,1,0.5,200,0
estres_baja_absorcion,max_weight,0.5,2,0.20654,0.0838625,8.26263e-09,0.5,0.209597,0.0782788,0.0564834,0.0733691,0.343623,0.5,1,0.202485,0.777778,0.156591,0.1025,0.056323,-1.28618e-06,0.0233333,1,1,1,0.5,200,0
estres_baja_absorcion,max_weight,0.5,3,0.207255,0.0877864,2.32442e-08,0.5,0.204958,0.078441,0.0567964,0.0733747,0.342669,0.5,1,0.204795,0.777778,0.156591,0.1025,0.0566233,-1.49847e-06,0.0233333,1,1,1,0.5,200,0
estres_baja_absorcion,max_weight,0.5,4,0.206678,0.0845313,1.07188e-06,0.5,0.208789,0.0783081,0.05654,0.0733715,0.343454,0.5,1,0.204278,0.777778,0.156591,0.1025,0.0565561,-0,0.0233333,0,1,1,0.5,200,0
estres_baja_absorcion,max_weight,0.5,5,0.207462,0.0850032,0,0.5,0.207535,0.0784018,0.0567215,0.0733734,0.343337,0.5,1,0.204487,0.777778,0.156591,0.1025,0.0565833,-9.54763e-07,0.0233333,1,1,1,0.5,200,0
estres_baja_absorcion,max_weight,0.5,6,0.205901,0.0880142,0,0.5,0.206085,0.0783023,0.0565273,0.0733709,0.342613,0.5,1,0.202948,0.777778,0.156591,0.1025,0.0563832,-1.03805e-06,0.0233333,1,1,1,0.5,109,1
estres_baja_absorcion,max_weight,0.5,7,0.206764,0.0879344,0,0.5,0.205301,0.0783922,0.0567016,0.0733745,0.342632,0.5,1,0.204898,0.777778,0.156591,0.1025,0.0566367,-2.10465e-07,0.0233333,1,1,1,0.5,200,0
estres_baja_absorcion,max_weight,0.5,8,0.207737,0.0804151,2.04299e-07,0.5,0.211848,0.07833,0.0565861,0.0733698,0.344501,0.5,1,0.203768,0.777778,0.156591,0.1025,0.0564898,-4.63055e-07,0.0233333,1,1,1,0.5,200,0
estres_baja_absorcion,max_weight,0.5,9,0.206674,0.0863455,6.93691e-10,0.5,0.206981,0.0783476,0.0566156,0.073373,0.343011,0.5,1,0.204391,0.777778,0.156591,0.1025,0.0565708,-1.00457e-07,0.0233333,1,1,1,0.5,200,0
