political,macro,n,w_stocks_mean,w_stocks_sd,w_mixed_mean,w_mixed_sd,w_debt_mean,w_debt_sd,w_bonds_mean,w_bonds_sd,w_term_mean,w_term_sd,expected_return_mean,expected_return_sd,sigma_mean,sigma_sd,fitness_mean,fitness_sd,herfindahl_mean,herfindahl_sd,max_w_mean,max_w_sd,n_at_cap_mean,n_at_cap_sd,c_mean,c_sd,mu_ca_c_mean,mu_ca_c_sd,centroid_mean,centroid_sd,mode_mean,mode_sd,sigma_max_c_mean,sigma_max_c_sd,penalty_term_mean,penalty_term_sd,fuzzy_reward_mean,fuzzy_reward_sd,penalty_active_mean,penalty_active_sd,binding_mean,binding_sd,m_h_mean,m_h_sd,lambda_eff_mean,lambda_eff_sd,generations_mean,generations_sd,converged_mean,converged_sd
-1,-1,10,3.32589e-12,1.05174e-11,0.000774035,4.50075e-06,0.199226,4.50072e-06,0.4,1.14509e-10,0.4,0,0.0392209,1.21519e-07,0.0207835,1.21502e-07,0.0324374,0.00316228,0.359692,1.78647e-06,0.4,0,2,0,0.804135,0.165779,0.466667,0.105409,0.730811,0,0.8625,0,0.134538,0.0215513,0,0,0.014,0.00316228,0,0,0,0,1,0,1,0,53,12.693,1,0
0,-1,10,0.0122885,4.03776e-05,0.0356791,4.0845e-05,0.152032,3.25221e-05,0.4,4.09693e-10,0.4,9.85204e-11,0.0469849,3.94515e-06,0.0200666,3.94498e-06,0.0419183,3.09374e-09,0.344538,8.48145e-06,0.4,9.55264e-11,2,0,0.864606,0.0813677,0.5,0,0.730811,0,0.8625,0,0.142399,0.0105778,0,0,0.015,3.65712e-18,0,0,0,0,1,0,1,0,87.1,29.629,1,0
1,-1,10,0.0184102,1.88369e-05,0.0648378,2.65746e-05,0.116752,4.1175e-05,0.4,1.02731e-09,0.4,6.28922e-10,0.054718,3.45703e-06,0.0220762,3.4577e-06,0.0476418,8.40887e-10,0.338174,5.85345e-06,0.4,5.28795e-10,2,0,0.866836,0.0560126,0.5,0,0.730811,0,0.8625,0,0.142689,0.00728163,0,0,0.015,3.65712e-18,0,0,0,0,1,0,1,0,76.8,8.14862,1,0
-1,0,10,8.54302e-11,1.89547e-10,0.0107768,4.66077e-06,0.189223,4.66079e-06,0.4,1.25909e-11,0.4,7.71367e-12,0.0437233,1.39826e-07,0.0195767,1.39845e-07,0.0381466,0.00316228,0.355922,1.66331e-06,0.4,7.71367e-12,2,0,0.809191,0.157923,0.466667,0.105409,0.730811,0,0.8625,0,0.135195,0.02053,0,0,0.014,0.00316228,0,0,0,0,1,0,1,0,53.6,8.83428,1,0
0,0,10,0.0290776,6.40018e-05,0.0583908,0.00017484,0.112532,0.00019599,0.4,1.75327e-09,0.4,1.8755e-09,0.054347,1.14328e-05,0.0209231,1.14417e-05,0.0484238,1.21889e-08,0.336918,2.31919e-05,0.4,3.11358e-12,2,0,0.887102,0.0638131,0.5,0,0.730811,0,0.8625,0,0.145323,0.0082957,0,0,0.015,3.65712e-18,0,0,0,0,1,0,1,0,95.9,34.3332,1,0
1,0,10,0.0350282,7.79882e-05,0.101895,0.000186289,0.0630766,0.000261392,0.4,2.26734e-10,0.4,1.32486e-09,0.0630203,1.91359e-05,0.0236499,1.91465e-05,0.0543704,1.18659e-08,0.335588,1.04491e-05,0.4,5.63935e-11,2,0,0.884906,0.0557686,0.5,0,0.730811,0,0.8625,0,0.145038,0.00724992,0,0,0.015,3.65712e-18,0,0,0,0,1,0,1,0,99.7,50.1931,1,0
-1,1,10,4.58489e-05,2.38877e-05,0.016347,1.71152e-05,0.183607,1.31747e-05,0.4,2.44657e-08,0.4,3.93181e-11,0.0481442,2.035e-06,0.0197569,2.03166e-06,0.0433873,3.51378e-09,0.353979,4.99309e-06,0.4,3.93181e-11,2,0,0.882624,0.0732121,0.5,0,0.730811,0,0.8625,0,0.144741,0.00951757,0,0,0.015,3.65712e-18,0,0,0,0,1,0,1,0,59.6,9.46573,1,0
0,1,10,0.0330876,3.36739e-05,0.0705464,0.00011427,0.096366,0.000116037,0.4,9.97953e-10,0.4,1.03107e-09,0.0599083,6.2476e-06,0.0219367,6.24968e-06,0.0529716,3.98375e-09,0.335358,6.94372e-06,0.4,0,2,0,0.868059,0.0525267,0.5,0,0.730811,0,0.8625,0,0.142848,0.00682847,0,0,0.015,3.65712e-18,0,0,0,0,1,0,1,0,100.7,43.752,1,0
1,1,10,0.0320893,0.000113865,0.115595,0.000306957,0.0523153,0.000414672,0.4,8.56935e-09,0.4,9.67798e-10,0.0677119,2.98493e-05,0.0239833,2.98867e-05,0.0587286,3.92738e-08,0.337129,3.50787e-05,0.4,7.66982e-12,2,0,0.845105,0.0706667,0.5,0,0.730811,0,0.8625,0,0.139864,0.00918668,0,0,0.015,3.65712e-18,0,0,0,0,1,0,1,0,109.7,46.4759,1,0
