political,macro,seed,w_stocks,w_mixed,w_debt,w_bonds,w_term,expected_return,sigma,fitness,herfindahl,max_w,n_at_cap,c,mu_ca_c,centroid,mode,sigma_max_c,penalty_term,fuzzy_reward,penalty_active,binding,m_h,lambda_eff,generations,converged
-1,-1,0,0,0.106407,0.4,0.0935934,0.4,0.0403754,0.0171517,0.0382238,0.340082,0.4,2,0.805729,0.5,0.730811,0.8625,0.134745,-0,0.015,0,0,1,1,53,1
-1,-1,1,0,0.106467,0.4,0.0935327,0.4,0.0403766,0.0171528,0.0382238,0.340084,0.4,2,0.835622,0.5,0.730811,0.8625,0.138631,-0,0.015,0,0,1,1,67,1
-1,-1,2,0,0.106467,0.4,0.0935328,0.4,0.0403766,0.0171528,0.0382238,0.340084,0.4,2,0.933777,0.5,0.730811,0.8625,0.151391,-0,0.015,0,0,1,1,61,1
-1,-1,3,0,0.106467,0.4,0.0935327,0.4,0.0403766,0.0171528,0.0382238,0.340084,0.4,2,0.775285,0.5,0.730811,0.8625,0.130787,-0,0.015,0,0,1,1,70,1
-1,-1,4,0,0.106466,0.4,0.0935343,0.4,0.0403766,0.0171528,0.0382238,0.340084,0.4,2,0.959658,0.5,0.730811,0.8625,0.154756,-0,0.015,0,0,1,1,43,1
-1,-1,5,0,0.106465,0.4,0.0935349,0.4,0.0403766,0.0171528,0.0382238,0.340084,0.4,2,0.97014,0.5,0.730811,0.8625,0.156118,-0,0.015,0,0,1,1,49,1
-1,-1,6,3.06099e-11,0.106468,0.4,0.0935323,0.4,0.0403766,0.0171528,0.0382238,0.340084,0.4,2,0.840112,0.5,0.730811,0.8625,0.139215,-0,0.015,0,0,1,1,46,1
-1,-1,7,0,0.106412,0.4,0.0935877,0.4,0.0403755,0.0171518,0.0382238,0.340082,0.4,2,0.843312,0.5,0.730811,0.8625,0.139631,-0,0.015,0,0,1,1,48,1
-1,-1,8,0,0.106467,0.4,0.093533,0.4,0.0403766,0.0171528,0.0382238,0.340084,0.4,2,0.851417,0.5,0.730811,0.8625,0.140684,-0,0.015,0,0,1,1,62,1
-1,-1,9,0,0.106467,0.4,0.0935331,0.4,0.0403766,0.0171528,0.0382238,0.340084,0.4,2,0.967258,0.5,0.730811,0.8625,0.155744,-0,0.015,0,0,1,1,50,1
0,-1,0,0,0.133427,0.4,0.0665735,0.4,0.045557,0.0148688,0.0456883,0.342235,0.4,2,0.806343,0.5,0.730811,0.8625,0.134825,-0,0.015,0,0,1,1,50,1
0,-1,1,0,0.133476,0.4,0.0665243,0.4,0.0455582,0.0148699,0.0456883,0.342241,0.4,2,0.921019,0.5,0.730811,0.8625,0.149733,-0,0.015,0,0,1,1,45,1
0,-1,2,0,0.133477,0.4,0.066523,0.4,0.0455583,0.01487,0.0456883,0.342241,0.4,2,0.825548,0.5,0.730811,0.8625,0.137321,-0,0.015,0,0,1,1,61,1
0,-1,3,0,0.133455,0.4,0.0665451,0.4,0.0455577,0.0148694,0.0456883,0.342238,0.4,2,0.862559,0.5,0.730811,0.8625,0.142133,-0,0.015,0,0,1,1,50,1
0,-1,4,0,0.133475,0.4,0.0665245,0.4,0.0455582,0.0148699,0.0456883,0.342241,0.4,2,0.869667,0.5,0.730811,0.8625,0.143057,-0,0.015,0,0,1,1,62,1
0,-1,5,3.11128e-11,0.133455,0.4,0.0665446,0.4,0.0455577,0.0148694,0.0456883,0.342239,0.4,2,0.816498,0.5,0.730811,0.8625,0.136145,-0,0.015,0,0,1,1,61,1
0,-1,6,3.45567e-11,0.133467,0.4,0.0665328,0.4,0.045558,0.0148697,0.0456883,0.34224,0.4,2,0.903922,0.5,0.730811,0.8625,0.14751,-0,0.015,0,0,1,1,52,1
0,-1,7,0,0.133475,0.4,0.0665249,0.4,0.0455582,0.0148699,0.0456883,0.342241,0.4,2,0.87807,0.5,0.730811,0.8625,0.144149,-0,0.015,0,0,1,1,50,1
0,-1,8,0,0.133475,0.4,0.0665251,0.4,0.0455582,0.0148699,0.0456883,0.342241,0.4,2,0.939107,0.5,0.730811,0.8625,0.152084,-0,0.015,0,0,1,1,47,1
0,-1,9,0,0.133475,0.4,0.0665246,0.4,0.0455582,0.0148699,0.0456883,0.342241,0.4,2,0.857302,0.5,0.730811,0.8625,0.141449,-0,0.015,0,0,1,1,59,1
1,-1,0,0,0.14551,0.4,0.0544904,0.4,0.0505751,0.0151896,0.0503855,0.344142,0.4,2,0.852165,0.5,0.730811,0.8625,0.140781,-0,0.015,0,0,1,1,56,1
1,-1,1,0,0.145534,0.4,0.0544655,0.4,0.0505758,0.0151903,0.0503855,0.344147,0.4,2,0.83148,0.5,0.730811,0.8625,0.138092,-0,0.015,0,0,1,1,42,1
1,-1,2,1.53555e-10,0.145547,0.4,0.0544529,0.4,0.0505762,0.0151907,0.0503855,0.344149,0.4,2,0.877594,0.5,0.730811,0.8625,0.144087,-0,0.015,0,0,1,1,52,1
1,-1,3,0,0.145448,0.4,0.0545522,0.4,0.0505733,0.0151878,0.0503855,0.344131,0.4,2,0.92479,0.5,0.730811,0.8625,0.150223,-0,0.015,0,0,1,1,61,1
1,-1,4,1.14793e-10,0.145528,0.4,0.0544719,0.4,0.0505756,0.0151901,0.0503855,0.344146,0.4,2,0.961774,0.5,0.730811,0.8625,0.155031,-0,0.015,0,0,1,1,62,1
1,-1,5,2.54749e-09,0.14554,0.4,0.0544598,0.4,0.050576,0.0151905,0.0503855,0.344148,0.4,2,1,0.5,0.730811,0.8625,0.16,-0,0.015,0,0,1,1,39,1
1,-1,6,0,0.145544,0.4,0.0544563,0.4,0.0505761,0.0151906,0.0503855,0.344148,0.4,2,0.867298,0.5,0.730811,0.8625,0.142749,-0,0.015,0,0,1,1,55,1
1,-1,7,0,0.145433,0.4,0.0545665,0.4,0.0505729,0.0151874,0.0503855,0.344128,0.4,2,0.911203,0.5,0.730811,0.8625,0.148456,-0,0.015,0,0,1,1,63,1
1,-1,8,0,0.145534,0.4,0.0544655,0.4,0.0505758,0.0151903,0.0503855,0.344147,0.4,2,0.925078,0.5,0.730811,0.8625,0.15026,-0,0.015,0,0,1,1,56,1
1,-1,9,8.86177e-12,0.145549,0.4,0.0544513,0.4,0.0505762,0.0151907,0.0503855,0.344149,0.4,2,0.901221,0.5,0.730811,0.8625,0.147159,-0,0.015,0,0,1,1,54,1
-1,0,0,0,0.114991,0.4,0.0850091,0.4,0.0450839,0.016105,0.0439789,0.340449,0.4,2,0.785575,0.5,0.730811,0.8625,0.132125,-0,0.015,0,0,1,1,53,1
-1,0,1,0,0.114993,0.4,0.085007,0.4,0.0450839,0.0161051,0.0439789,0.34045,0.4,2,0.897811,0.5,0.730811,0.8625,0.146715,-0,0.015,0,0,1,1,45,1
-1,0,2,0,0.114992,0.4,0.0850078,0.4,0.0450839,0.016105,0.0439789,0.34045,0.4,2,0.920367,0.5,0.730811,0.8625,0.149648,-0,0.015,0,0,1,1,50,1
-1,0,3,0,0.114944,0.4,0.0850555,0.4,0.0450828,0.016104,0.0439789,0.340447,0.4,2,0.897087,0.5,0.730811,0.8625,0.146621,-0,0.015,0,0,1,1,50,1
-1,0,4,6.30698e-11,0.115007,0.4,0.0849931,0.4,0.0450842,0.0161054,0.0439789,0.34045,0.4,2,0.782145,0.5,0.730811,0.8625,0.131679,-0,0.015,0,0,1,1,54,1
-1,0,5,0,0.114993,0.4,0.0850074,0.4,0.0450839,0.016105,0.0439789,0.34045,0.4,2,0.886048,0.5,0.730811,0.8625,0.145186,-0,0.015,0,0,1,1,72,1
-1,0,6,0,0.114991,0.4,0.0850088,0.4,0.0450839,0.016105,0.0439789,0.340449,0.4,2,0.915668,0.5,0.730811,0.8625,0.149037,-0,0.015,0,0,1,1,74,1
-1,0,7,0,0.114955,0.4,0.085045,0.4,0.0450831,0.0161042,0.0439789,0.340447,0.4,2,0.886742,0.5,0.730811,0.8625,0.145277,-0,0.015,0,0,1,1,62,1
-1,0,8,0,0.114988,0.4,0.0850121,0.4,0.0450838,0.0161049,0.0439789,0.340449,0.4,2,0.842522,0.5,0.730811,0.8625,0.139528,-0,0.015,0,0,1,1,50,1
-1,0,9,0,0.114995,0.4,0.0850053,0.4,0.0450839,0.0161051,0.0439789,0.34045,0.4,2,0.942295,0.5,0.730811,0.8625,0.152498,-0,0.015,0,0,1,1,59,1
0,0,0,0,0.148412,0.4,0.0515884,0.4,0.0505625,0.0139693,0.0515932,0.344687,0.4,2,0.996257,0.5,0.730811,0.8625,0.159513,-0,0.015,0,0,1,1,43,1
0,0,1,0,0.148406,0.4,0.0515943,0.4,0.0505624,0.0139691,0.0515932,0.344686,0.4,2,0.776941,0.5,0.730811,0.8625,0.131002,-0,0.015,0,0,1,1,54,1
0,0,2,0,0.148412,0.4,0.051588,0.4,0.0505625,0.0139693,0.0515932,0.344687,0.4,2,0.916624,0.5,0.730811,0.8625,0.149161,-0,0.015,0,0,1,1,59,1
0,0,3,0,0.14841,0.4,0.0515896,0.4,0.0505625,0.0139693,0.0515932,0.344687,0.4,2,0.749474,0.5,0.730811,0.8625,0.127432,-0,0.015,0,0,1,1,52,1
0,0,4,0,0.148401,0.4,0.0515993,0.4,0.0505622,0.013969,0.0515932,0.344685,0.4,2,0.945423,0.5,0.730811,0.8625,0.152905,-0,0.015,0,0,1,1,49,1
0,0,5,0,0.148355,0.4,0.0516446,0.4,0.050561,0.0139678,0.0515932,0.344676,0.4,2,0.809938,0.5,0.730811,0.8625,0.135292,-0,0.015,0,0,1,1,45,1
0,0,6,1.24459e-10,0.148413,0.4,0.0515874,0.4,0.0505625,0.0139693,0.0515932,0.344688,0.4,2,0.838597,0.5,0.730811,0.8625,0.139018,-0,0.015,0,0,1,1,43,1
0,0,7,0,0.148408,0.4,0.0515917,0.4,0.0505624,0.0139692,0.0515932,0.344687,0.4,2,0.900132,0.5,0.730811,0.8625,0.147017,-0,0.015,0,0,1,1,46,1
0,0,8,0,0.14841,0.4,0.0515896,0.4,0.0505625,0.0139693,0.0515932,0.344687,0.4,2,0.948809,0.5,0.730811,0.8625,0.153345,-0,0.015,0,0,1,1,55,1
0,0,9,0,0.14841,0.4,0.0515897,0.4,0.0505625,0.0139693,0.0515932,0.344687,0.4,2,0.947411,0.5,0.730811,0.8625,0.153163,-0,0.015,0,0,1,1,41,1
1,0,0,1.49301e-13,0.154097,0.4,0.0459033,0.4,0.0550244,0.0141288,0.0558957,0.345853,0.4,2,1,0.5,0.730811,0.8625,0.16,-0,0.015,0,0,1,1,54,1
1,0,1,0,0.154001,0.4,0.0459987,0.4,0.0550217,0.014126,0.0558957,0.345832,0.4,2,0.865792,0.5,0.730811,0.8625,0.142553,-0,0.015,0,0,1,1,69,1
1,0,2,0,0.154092,0.4,0.0459082,0.4,0.0550243,0.0141286,0.0558957,0.345852,0.4,2,0.926192,0.5,0.730811,0.8625,0.150405,-0,0.015,0,0,1,1,53,1
1,0,3,0,0.154097,0.4,0.0459029,0.4,0.0550245,0.0141288,0.0558957,0.345853,0.4,2,0.915215,0.5,0.730811,0.8625,0.148978,-0,0.015,0,0,1,1,75,1
1,0,4,2.28513e-11,0.154081,0.4,0.0459194,0.4,0.055024,0.0141283,0.0558957,0.345849,0.4,2,0.989937,0.5,0.730811,0.8625,0.158692,-0,0.015,0,0,1,1,72,1
1,0,5,0,0.154067,0.4,0.0459325,0.4,0.0550236,0.0141279,0.0558957,0.345847,0.4,2,0.781943,0.5,0.730811,0.8625,0.131653,-0,0.015,0,0,1,1,50,1
1,0,6,3.39832e-10,0.154085,0.4,0.0459146,0.4,0.0550241,0.0141284,0.0558957,0.34585,0.4,2,0.857462,0.5,0.730811,0.8625,0.14147,-0,0.015,0,0,1,1,56,1
1,0,7,0,0.154016,0.4,0.0459836,0.4,0.0550221,0.0141264,0.0558957,0.345836,0.4,2,0.957752,0.5,0.730811,0.8625,0.154508,-0,0.015,0,0,1,1,44,1
1,0,8,0,0.15409,0.4,0.0459099,0.4,0.0550242,0.0141286,0.0558957,0.345851,0.4,2,0.837021,0.5,0.730811,0.8625,0.138813,-0,0.015,0,0,1,1,55,1
1,0,9,1.27798e-10,0.1541,0.4,0.0458997,0.4,0.0550245,0.0141289,0.0558957,0.345854,0.4,2,0.871805,0.5,0.730811,0.8625,0.143335,-0,0.015,0,0,1,1,49,1
-1,1,0,0,0.120947,0.4,0.0790531,0.4,0.049778,0.0162452,0.0485327,0.340878,0.4,2,0.900074,0.5,0.730811,0.8625,0.14701,-0,0.015,0,0,1,1,50,1
-1,1,1,0,0.120947,0.4,0.0790533,0.4,0.049778,0.0162452,0.0485327,0.340878,0.4,2,0.867232,0.5,0.730811,0.8625,0.14274,-0,0.015,0,0,1,1,45,1
-1,1,2,0,0.120945,0.4,0.0790552,0.4,0.0497779,0.0162452,0.0485327,0.340877,0.4,2,0.856765,0.5,0.730811,0.8625,0.141379,-0,0.015,0,0,1,1,54,1
-1,1,3,0,0.120948,0.4,0.079052,0.4,0.049778,0.0162453,0.0485327,0.340878,0.4,2,0.746217,0.5,0.730811,0.8625,0.127008,-0,0.015,0,0,1,1,66,1
-1,1,4,0,0.120945,0.4,0.0790547,0.4,0.0497779,0.0162452,0.0485327,0.340877,0.4,2,0.916887,0.5,0.730811,0.8625,0.149195,-0,0.015,0,0,1,1,63,1
-1,1,5,0,0.120993,0.4,0.0790067,0.4,0.0497791,0.0162464,0.0485327,0.340881,0.4,2,0.778003,0.5,0.730811,0.8625,0.13114,-0,0.015,0,0,1,1,56,1
-1,1,6,0,0.120945,0.4,0.0790549,0.4,0.0497779,0.0162452,0.0485327,0.340877,0.4,2,0.829471,0.5,0.730811,0.8625,0.137831,-0,0.015,0,0,1,1,72,1
-1,1,7,2.55531e-12,0.120943,0.4,0.0790574,0.4,0.0497779,0.0162451,0.0485327,0.340877,0.4,2,0.777126,0.5,0.730811,0.8625,0.131026,-0,0.015,0,0,1,1,68,1
-1,1,8,0,0.120947,0.4,0.0790533,0.4,0.049778,0.0162452,0.0485327,0.340878,0.4,2,0.90435,0.5,0.730811,0.8625,0.147565,-0,0.015,0,0,1,1,68,1
-1,1,9,2.13625e-11,0.120942,0.4,0.0790577,0.4,0.0497779,0.0162451,0.0485327,0.340877,0.4,2,0.873853,0.5,0.730811,0.8625,0.143601,-0,0.015,0,0,1,1,64,1
0,1,0,0,0.157006,0.4,0.0429936,0.4,0.0554659,0.0142147,0.0562512,0.346499,0.4,2,0.968328,0.5,0.730811,0.8625,0.155883,-0,0.015,0,0,1,1,45,1
0,1,1,5.5337e-13,0.157006,0.4,0.0429938,0.4,0.0554659,0.0142147,0.0562512,0.346499,0.4,2,0.952988,0.5,0.730811,0.8625,0.153888,-0,0.015,0,0,1,1,44,1
0,1,2,3.51706e-12,0.157007,0.4,0.0429928,0.4,0.055466,0.0142147,0.0562512,0.3465,0.4,2,0.942299,0.5,0.730811,0.8625,0.152499,-0,0.015,0,0,1,1,49,1
0,1,3,0,0.157007,0.4,0.0429934,0.4,0.055466,0.0142147,0.0562512,0.346499,0.4,2,0.834297,0.5,0.730811,0.8625,0.138459,-0,0.015,0,0,1,1,58,1
0,1,4,0,0.157006,0.4,0.0429935,0.4,0.0554659,0.0142147,0.0562512,0.346499,0.4,2,0.896554,0.5,0.730811,0.8625,0.146552,-0,0.015,0,0,1,1,50,1
0,1,5,6.74057e-12,0.157015,0.4,0.0429848,0.4,0.0554662,0.014215,0.0562512,0.346501,0.4,2,0.783068,0.5,0.730811,0.8625,0.131799,-0,0.015,0,0,1,1,50,1
0,1,6,0,0.157007,0.4,0.0429934,0.4,0.055466,0.0142147,0.0562512,0.3465,0.4,2,0.839775,0.5,0.730811,0.8625,0.139171,-0,0.015,0,0,1,1,53,1
0,1,7,0,0.157012,0.4,0.0429881,0.4,0.0554661,0.0142149,0.0562512,0.346501,0.4,2,0.917645,0.5,0.730811,0.8625,0.149294,-0,0.015,0,0,1,1,50,1
0,1,8,0,0.157004,0.4,0.0429963,0.4,0.0554659,0.0142146,0.0562512,0.346499,0.4,2,0.886159,0.5,0.730811,0.8625,0.145201,-0,0.015,0,0,1,1,61,1
0,1,9,0,0.156988,0.4,0.0430116,0.4,0.0554654,0.0142142,0.0562512,0.346495,0.4,2,0.92839,0.5,0.730811,0.8625,0.150691,-0,0.015,0,0,1,1,41,1
1,1,0,0,0.140223,0.4,0.0597767,0.4,0.0581204,0.0137601,0.0593604,0.343236,0.4,2,0.892351,0.5,0.730811,0.8625,0.146006,-0,0.015,0,0,1,1,50,1
1,1,1,2.92387e-11,0.140221,0.4,0.059779,0.4,0.0581204,0.01376,0.0593604,0.343235,0.4,2,0.81624,0.5,0.730811,0.8625,0.136111,-0,0.015,0,0,1,1,52,1
1,1,2,0,0.140223,0.4,0.0597766,0.4,0.0581204,0.0137601,0.0593604,0.343236,0.4,2,0.891948,0.5,0.730811,0.8625,0.145953,-0,0.015,0,0,1,1,52,1
1,1,3,0,0.140208,0.4,0.0597922,0.4,0.0581201,0.0137597,0.0593604,0.343233,0.4,2,0.938997,0.5,0.730811,0.8625,0.15207,-0,0.015,0,0,1,1,59,1
1,1,4,0,0.140222,0.4,0.059778,0.4,0.0581204,0.01376,0.0593604,0.343236,0.4,2,0.932674,0.5,0.730811,0.8625,0.151248,-0,0.015,0,0,1,1,51,1
1,1,5,0,0.140224,0.4,0.0597765,0.4,0.0581204,0.0137601,0.0593604,0.343236,0.4,2,0.866407,0.5,0.730811,0.8625,0.142633,-0,0.015,0,0,1,1,64,1
1,1,6,0,0.140226,0.4,0.0597742,0.4,0.0581205,0.0137601,0.0593604,0.343236,0.4,2,0.958793,0.5,0.730811,0.8625,0.154643,-0,0.015,0,0,1,1,50,1
1,1,7,0,0.140223,0.4,0.0597768,0.4,0.0581204,0.0137601,0.0593604,0.343236,0.4,2,0.900722,0.5,0.730811,0.8625,0.147094,-0,0.015,0,0,1,1,50,1
1,1,8,1.06931e-11,0.140223,0.4,0.0597774,0.4,0.0581204,0.0137601,0.0593604,0.343236,0.4,2,0.882336,0.5,0.730811,0.8625,0.144704,-0,0.015,0,0,1,1,66,1
1,1,9,2.16919e-12,0.140232,0.4,0.0597684,0.4,0.0581206,0.0137603,0.0593604,0.343237,0.4,2,0.977968,0.5,0.730811,0.8625,0.157136,-0,0.015,0,0,1,1,64,1
