absorption,lambda_base,seed,w_stocks,w_mixed,w_debt,w_bonds,w_term,expected_return,sigma,fitness,herfindahl,max_w,n_at_cap,c,mu_ca_c,centroid,mode,sigma_max_c,penalty_term,fuzzy_reward,penalty_active,binding,m_h,lambda_eff,generations,converged,sigma_free
baja,0.2,0,0.147051,0.4,0.4,0.0529489,4.71166e-10,0.0771775,0.0594264,0.0882397,0.344428,0.4,2,0.205027,0.77773,0.156591,0.1025,0.0566535,-0.000384452,0.0233319,1,1,1,0.2,114,1,0.116155
baja,0.2,1,0.147055,0.4,0.4,0.0529452,0,0.0771778,0.059427,0.0882395,0.344428,0.4,2,0.20504,0.777707,0.156591,0.1025,0.0566552,-0.00038415,0.0233312,1,1,1,0.2,120,1,0.116155
baja,0.2,2,0.146738,0.4,0.4,0.0532618,0,0.0771521,0.059373,0.0882328,0.344369,0.4,2,0.204796,0.777778,0.156591,0.1025,0.0566235,-0.000377996,0.0233333,1,1,1,0.2,87,1,0.116155
baja,0.2,3,0.147033,0.4,0.4,0.052967,0,0.0771761,0.0594233,0.0882401,0.344424,0.4,2,0.205006,0.777767,0.156591,0.1025,0.0566508,-0.00038435,0.023333,1,1,1,0.2,167,1,0.116155
baja,0.2,4,0.147346,0.4,0.4,0.052654,0,0.0772015,0.0594767,0.0882325,0.344483,0.4,2,0.20544,0.776996,0.156591,0.1025,0.0567072,-0.000383515,0.0233099,1,1,1,0.2,61,1,0.116155
baja,0.2,5,0.147024,0.4,0.4,0.052976,0,0.0771753,0.0594218,0.0882402,0.344423,0.4,2,0.205,0.777778,0.156591,0.1025,0.05665,-0.000384129,0.0233333,1,1,1,0.2,119,1,0.116155
baja,0.2,6,0.146979,0.4,0.4,0.0530209,0,0.0771717,0.0594141,0.0882391,0.344414,0.4,2,0.204972,0.777778,0.156591,0.1025,0.0566463,-0.000383036,0.0233333,1,1,1,0.2,131,1,0.116155
baja,0.2,7,0.14703,0.4,0.4,0.0529698,2.4436e-10,0.0771758,0.0594228,0.0882402,0.344424,0.4,2,0.205,0.777777,0.156591,0.1025,0.05665,-0.000384419,0.0233333,1,1,1,0.2,200,0,0.116155
baja,0.2,8,0.147028,0.4,0.4,0.0529718,4.25378e-10,0.0771757,0.0594225,0.0882401,0.344423,0.4,2,0.204998,0.777778,0.156591,0.1025,0.0566498,-0.000384403,0.0233333,1,1,1,0.2,108,1,0.116155
baja,0.2,9,0.146887,0.4,0.4,0.0531134,1.89892e-09,0.0771641,0.0593983,0.0882334,0.344397,0.4,2,0.204814,0.777778,0.156591,0.1025,0.0566258,-0.000384362,0.0233333,1,1,1,0.2,95,1,0.116155
baja,0.5,0,0.116399,0.4,0.4,0.0836014,0,0.0746831,0.0543154,0.0708587,0.340538,0.4,2,0.187802,0.777778,0.156591,0.1025,0.0544143,-0,0.0233333,0,1,1,0.5,52,1,0.0544047
baja,0.5,1,0.116948,0.4,0.4,0.0830522,0,0.0747278,0.0544048,0.0708587,0.340574,0.4,2,0.195419,0.777778,0.156591,0.1025,0.0554045,-0,0.0233333,0,1,1,0.5,77,1,0.0544047
baja,0.5,2,0.116946,0.4,0.4,0.0830539,0,0.0747276,0.0544045,0.0708587,0.340574,0.4,2,0.190387,0.777778,0.156591,0.1025,0.0547504,-0,0.0233333,0,1,1,0.5,77,1,0.0544047
baja,0.5,3,0.116947,0.4,0.4,0.0830532,4.61273e-12,0.0747277,0.0544046,0.0708587,0.340574,0.4,2,0.18979,0.777778,0.156591,0.1025,0.0546727,-0,0.0233333,0,1,1,0.5,97,1,0.0544048
baja,0.5,4,0.116947,0.4,0.4,0.0830532,0,0.0747277,0.0544046,0.0708587,0.340574,0.4,2,0.19096,0.777778,0.156591,0.1025,0.0548248,-0,0.0233333,0,1,1,0.5,76,1,0.0544047
baja,0.5,5,0.116947,0.4,0.4,0.0830526,0,0.0747277,0.0544047,0.0708587,0.340574,0.4,2,0.194302,0.777778,0.156591,0.1025,0.0552593,-0,0.0233333,0,1,1,0.5,74,1,0.0544039
baja,0.5,6,0.116948,0.4,0.4,0.0830524,0,0.0747278,0.0544047,0.0708587,0.340574,0.4,2,0.188712,0.777778,0.156591,0.1025,0.0545325,-0,0.0233333,0,1,1,0.5,130,1,0.0544043
baja,0.5,7,0.116946,0.4,0.4,0.083054,0,0.0747276,0.0544045,0.0708587,0.340574,0.4,2,0.1895,0.777778,0.156591,0.1025,0.0546351,-0,0.0233333,0,1,1,0.5,57,1,0.0544047
baja,0.5,8,0.116946,0.4,0.4,0.0830537,1.91969e-11,0.0747276,0.0544045,0.0708587,0.340574,0.4,2,0.189372,0.777778,0.156591,0.1025,0.0546184,-0,0.0233333,0,1,1,0.5,106,1,0.0544044
baja,0.5,9,0.116943,0.4,0.4,0.0830568,0,0.0747274,0.054404,0.0708587,0.340574,0.4,2,0.202085,0.777778,0.156591,0.1025,0.056271,-0,0.0233333,0,1,1,0.5,111,1,0.0544047
baja,1,0,0,0.14841,0.4,0.0515896,0.4,0.0505625,0.0139693,0.0599266,0.344687,0.4,2,0.164643,0.777778,0.156591,0.1025,0.0514035,-0,0.0233333,0,0,1,1,53,1,0.0139692
baja,1,1,0,0.14841,0.4,0.0515897,0.4,0.0505625,0.0139693,0.0599266,0.344687,0.4,2,0.118488,0.777778,0.156591,0.1025,0.0454034,-0,0.0233333,0,0,1,1,62,1,0.0139693
baja,1,2,0,0.148415,0.4,0.0515849,0.4,0.0505626,0.0139694,0.0599266,0.344688,0.4,2,0.104673,0.777778,0.156591,0.1025,0.0436074,-0,0.0233333,0,0,1,1,42,1,0.0139693
baja,1,3,0,0.148371,0.4,0.0516295,0.4,0.0505614,0.0139682,0.0599266,0.344679,0.4,2,0.0581392,0.777778,0.156591,0.1025,0.0375581,-0,0.0233333,0,0,1,1,71,1,0.0139693
baja,1,4,0,0.148404,0.4,0.0515957,0.4,0.0505623,0.0139691,0.0599266,0.344686,0.4,2,0.106573,0.777778,0.156591,0.1025,0.0438545,-0,0.0233333,0,0,1,1,40,1,0.0139693
baja,1,5,0,0.148398,0.4,0.0516019,0.4,0.0505622,0.0139689,0.0599266,0.344685,0.4,2,0.0756865,0.777778,0.156591,0.1025,0.0398392,-0,0.0233333,0,0,1,1,44,1,0.0139691
baja,1,6,0,0.148415,0.4,0.0515851,0.4,0.0505626,0.0139694,0.0599266,0.344688,0.4,2,0.0586707,0.777778,0.156591,0.1025,0.0376272,-0,0.0233333,0,0,1,1,41,1,0.0139693
baja,1,7,0,0.14841,0.4,0.0515896,0.4,0.0505625,0.0139693,0.0599266,0.344687,0.4,2,0.130093,0.777778,0.156591,0.1025,0.046912,-0,0.0233333,0,0,1,1,51,1,0.0139673
baja,1,8,0,0.14841,0.4,0.0515896,0.4,0.0505625,0.0139693,0.0599266,0.344687,0.4,2,0.0385699,0.777778,0.156591,0.1025,0.0350141,-0,0.0233333,0,0,1,1,45,1,0.0139692
baja,1,9,7.2957e-11,0.148422,0.4,0.0515784,0.4,0.0505628,0.0139696,0.0599266,0.344689,0.4,2,0.0546793,0.777778,0.156591,0.1025,0.0371083,-0,0.0233333,0,0,1,1,39,1,0.0139693
baja,2,0,0,0.113794,0.4,0.0862063,0.4,0.0496264,0.0132612,0.0464374,0.340381,0.4,2,0.0560236,0.777778,0.156591,0.1025,0.0372831,-0,0.0233333,0,0,1,2,56,1,0.0132612
baja,2,1,2.3369e-12,0.113798,0.4,0.0862023,0.4,0.0496266,0.0132612,0.0464374,0.340381,0.4,2,0.0032541,0.777778,0.156591,0.1025,0.030423,-0,0.0233333,0,0,1,2,74,1,0.0132612
baja,2,2,0,0.113795,0.4,0.0862049,0.4,0.0496265,0.0132612,0.0464374,0.340381,0.4,2,0.0470161,0.777778,0.156591,0.1025,0.0361121,-0,0.0233333,0,0,1,2,53,1,0.013261
baja,2,3,0,0.113785,0.4,0.0862155,0.4,0.0496262,0.0132611,0.0464374,0.34038,0.4,2,0.0198031,0.777778,0.156591,0.1025,0.0325744,-0,0.0233333,0,0,1,2,66,1,0.0132612
baja,2,4,0,0.113797,0.4,0.0862029,0.4,0.0496265,0.0132612,0.0464374,0.340381,0.4,2,0.0727894,0.777778,0.156591,0.1025,0.0394626,-0,0.0233333,0,0,1,2,65,1,0.0132612
baja,2,5,0,0.113797,0.4,0.0862033,0.4,0.0496265,0.0132612,0.0464374,0.340381,0.4,2,0.0388729,0.777778,0.156591,0.1025,0.0350535,-0,0.0233333,0,0,1,2,51,1,0.0132612
baja,2,6,0,0.113797,0.4,0.0862031,0.4,0.0496265,0.0132612,0.0464374,0.340381,0.4,2,0.0036662,0.777778,0.156591,0.1025,0.0304766,-0,0.0233333,0,0,1,2,47,1,0.0132614
baja,2,7,3.9393e-11,0.113801,0.4,0.0861994,0.4,0.0496266,0.0132613,0.0464374,0.340381,0.4,2,0.146167,0.777778,0.156591,0.1025,0.0490017,-0,0.0233333,0,0,1,2,49,1,0.0132612
baja,2,8,0,0.113797,0.4,0.086203,0.4,0.0496265,0.0132612,0.0464374,0.340381,0.4,2,0.0514219,0.777778,0.156591,0.1025,0.0366848,-0,0.0233333,0,0,1,2,70,1,0.0132612
baja,2,9,0,0.113779,0.4,0.0862206,0.4,0.0496261,0.013261,0.0464374,0.34038,0.4,2,0,0.777778,0.156591,0.1025,0.03,-0,0.0233333,0,0,1,2,42,1,0.0132613
media,0.2,0,0.4,0.4,0.142749,0.0572513,0,0.0997325,0.112182,0.092248,0.343655,0.4,2,0.624615,0.5,0.5,0.5,0.1112,-4.81932e-05,0.015,1,1,1,0.2,181,1,0.116155
media,0.2,1,0.4,0.4,0.141191,0.0588095,2.16947e-13,0.0997444,0.112222,0.0922524,0.343393,0.4,2,0.624965,0.5,0.5,0.5,0.111245,-4.76596e-05,0.015,1,1,1,0.2,157,1,0.116155
media,0.2,2,0.4,0.4,0.142412,0.0575876,0,0.0997351,0.11219,0.0922489,0.343598,0.4,2,0.62469,0.5,0.5,0.5,0.11121,-4.80864e-05,0.015,1,1,1,0.2,98,1,0.116155
media,0.2,3,0.4,0.4,0.141294,0.0587059,4.72486e-11,0.0997436,0.112219,0.0922522,0.34341,0.4,2,0.624944,0.5,0.5,0.5,0.111243,-4.76684e-05,0.015,1,1,1,0.2,135,1,0.116155
media,0.2,4,0.4,0.4,0.146891,0.0531086,0,0.0997008,0.112076,0.092236,0.344398,0.4,2,0.623683,0.5,0.5,0.5,0.111079,-4.96795e-05,0.015,1,1,1,0.2,93,1,0.116155
media,0.2,5,0.4,0.4,0.141181,0.0588189,1.62229e-13,0.0997445,0.112222,0.0922526,0.343392,0.4,2,0.624979,0.5,0.5,0.5,0.111247,-4.75017e-05,0.015,1,1,1,0.2,183,1,0.116155
media,0.2,6,0.4,0.4,0.142134,0.057866,0,0.0997372,0.112197,0.0922493,0.343551,0.4,2,0.624716,0.5,0.5,0.5,0.111213,-4.84495e-05,0.015,1,1,1,0.2,87,1,0.116155
media,0.2,7,0.4,0.4,0.141599,0.0584011,0,0.0997413,0.112211,0.0922513,0.343461,0.4,2,0.624873,0.5,0.5,0.5,0.111233,-4.78001e-05,0.015,1,1,1,0.2,142,1,0.116155
media,0.2,8,0.4,0.4,0.147432,0.0525683,1.71478e-11,0.0996966,0.112062,0.0922344,0.3445,0.4,2,0.62356,0.5,0.5,0.5,0.111063,-4.98886e-05,0.015,1,1,1,0.2,86,1,0.116155
media,0.2,9,0.4,0.4,0.146279,0.0537213,1.05815e-09,0.0997055,0.112091,0.0922377,0.344283,0.4,2,0.623815,0.5,0.5,0.5,0.111096,-4.95269e-05,0.015,1,1,1,0.2,123,1,0.116155
media,0.5,0,0.116948,0.4,0.4,0.0830524,0,0.0747278,0.0544047,0.0625254,0.340574,0.4,2,0.451158,0.5,0.5,0.5,0.0886505,-0,0.015,0,0,1,0.5,46,1,0.0544047
media,0.5,1,0.116948,0.4,0.4,0.0830524,6.38859e-16,0.0747277,0.0544047,0.0625254,0.340574,0.4,2,0.510771,0.5,0.5,0.5,0.0964002,-0,0.015,0,0,1,0.5,45,1,0.0544047
media,0.5,2,0.116951,0.4,0.4,0.0830494,1.07338e-09,0.074728,0.0544052,0.0625254,0.340575,0.4,2,0.507861,0.5,0.5,0.5,0.0960219,-0,0.015,0,0,1,0.5,40,1,0.0544047
media,0.5,3,0.116948,0.4,0.4,0.0830516,7.65731e-13,0.0747278,0.0544049,0.0625254,0.340574,0.4,2,0.50171,0.5,0.5,0.5,0.0952223,-0,0.015,0,0,1,0.5,45,1,0.0544048
media,0.5,4,0.116954,0.4,0.4,0.0830459,0,0.0747283,0.0544058,0.0625254,0.340575,0.4,2,0.488314,0.5,0.5,0.5,0.0934808,-0,0.015,0,0,1,0.5,48,1,0.0544047
media,0.5,5,0.116948,0.4,0.4,0.0830516,0,0.0747278,0.0544049,0.0625254,0.340574,0.4,2,0.529426,0.5,0.5,0.5,0.0988254,-0,0.015,0,0,1,0.5,48,1,0.0544039
media,0.5,6,0.116933,0.4,0.4,0.083067,0,0.0747266,0.0544024,0.0625254,0.340573,0.4,2,0.49525,0.5,0.5,0.5,0.0943825,-0,0.015,0,0,1,0.5,46,1,0.0544043
media,0.5,7,0.11695,0.4,0.4,0.0830496,0,0.074728,0.0544052,0.0625254,0.340575,0.4,2,0.512585,0.5,0.5,0.5,0.0966361,-0,0.015,0,0,1,0.5,41,1,0.0544047
media,0.5,8,0.116948,0.4,0.4,0.0830525,0,0.0747277,0.0544047,0.0625254,0.340574,0.4,2,0.49157,0.5,0.5,0.5,0.093904,-0,0.015,0,0,1,0.5,41,1,0.0544044
media,0.5,9,0.116948,0.4,0.4,0.0830524,0,0.0747277,0.0544047,0.0625254,0.340574,0.4,2,0.445872,0.5,0.5,0.5,0.0879634,-0,0.015,0,0,1,0.5,44,1,0.0544047
media,1,0,1.16248e-15,0.148411,0.4,0.0515894,0.4,0.0505625,0.0139693,0.0515932,0.344687,0.4,2,0.43412,0.5,0.5,0.5,0.0864356,-0,0.015,0,0,1,1,48,1,0.0139692
media,1,1,1.43911e-19,0.14841,0.4,0.0515897,0.4,0.0505625,0.0139693,0.0515932,0.344687,0.4,2,0.519164,0.5,0.5,0.5,0.0974913,-0,0.015,0,0,1,1,43,1,0.0139693
media,1,2,0,0.148383,0.4,0.0516166,0.4,0.0505618,0.0139685,0.0515932,0.344682,0.4,2,0.505742,0.5,0.5,0.5,0.0957465,-0,0.015,0,0,1,1,47,1,0.0139693
media,1,3,0,0.148399,0.4,0.0516008,0.4,0.0505622,0.013969,0.0515932,0.344685,0.4,2,0.493151,0.5,0.5,0.5,0.0941096,-0,0.015,0,0,1,1,70,1,0.0139693
media,1,4,0,0.14841,0.4,0.0515897,0.4,0.0505625,0.0139693,0.0515932,0.344687,0.4,2,0.475158,0.5,0.5,0.5,0.0917705,-0,0.015,0,0,1,1,36,1,0.0139693
media,1,5,0,0.148277,0.4,0.051723,0.4,0.0505589,0.0139657,0.0515932,0.344661,0.4,2,0.503784,0.5,0.5,0.5,0.0954919,-0,0.015,0,0,1,1,67,1,0.0139691
media,1,6,0,0.14841,0.4,0.0515897,0.4,0.0505625,0.0139693,0.0515932,0.344687,0.4,2,0.469782,0.5,0.5,0.5,0.0910717,-0,0.015,0,0,1,1,46,1,0.0139693
media,1,7,0,0.148411,0.4,0.0515894,0.4,0.0505625,0.0139693,0.0515932,0.344687,0.4,2,0.466922,0.5,0.5,0.5,0.0906998,-0,0.015,0,0,1,1,58,1,0.0139673
media,1,8,1.70169e-10,0.148412,0.4,0.0515881,0.4,0.0505625,0.0139693,0.0515932,0.344687,0.4,2,0.473786,0.5,0.5,0.5,0.0915921,-0,0.015,0,0,1,1,46,1,0.0139692
media,1,9,1.46792e-11,0.148391,0.4,0.0516087,0.4,0.050562,0.0139688,0.0515932,0.344683,0.4,2,0.477578,0.5,0.5,0.5,0.0920852,-0,0.015,0,0,1,1,50,1,0.0139693
media,2,0,0,0.113811,0.4,0.0861887,0.4,0.0496269,0.0132614,0.0381041,0.340382,0.4,2,0.43964,0.5,0.5,0.5,0.0871532,-0,0.015,0,0,1,2,44,1,0.0132612
media,2,1,0,0.113797,0.4,0.0862031,0.4,0.0496265,0.0132612,0.0381041,0.340381,0.4,2,0.455192,0.5,0.5,0.5,0.0891749,-0,0.015,0,0,1,2,46,1,0.0132612
media,2,2,3.66498e-11,0.113796,0.4,0.0862038,0.4,0.0496265,0.0132612,0.0381041,0.340381,0.4,2,0.567779,0.5,0.5,0.5,0.103811,-0,0.015,0,0,1,2,50,1,0.013261
media,2,3,0,0.113792,0.4,0.0862085,0.4,0.0496264,0.0132611,0.0381041,0.34038,0.4,2,0.517906,0.5,0.5,0.5,0.0973278,-0,0.015,0,0,1,2,64,1,0.0132612
media,2,4,0,0.113827,0.4,0.0861727,0.4,0.0496273,0.0132616,0.0381041,0.340382,0.4,2,0.45128,0.5,0.5,0.5,0.0886664,-0,0.015,0,0,1,2,36,1,0.0132612
media,2,5,1.227e-11,0.113795,0.4,0.0862048,0.4,0.0496265,0.0132612,0.0381041,0.340381,0.4,2,0.495095,0.5,0.5,0.5,0.0943623,-0,0.015,0,0,1,2,66,1,0.0132612
media,2,6,0,0.113806,0.4,0.0861936,0.4,0.0496268,0.0132613,0.0381041,0.340381,0.4,2,0.503183,0.5,0.5,0.5,0.0954138,-0,0.015,0,0,1,2,56,1,0.0132614
media,2,7,0,0.113799,0.4,0.0862012,0.4,0.0496266,0.0132612,0.0381041,0.340381,0.4,2,0.495611,0.5,0.5,0.5,0.0944295,-0,0.015,0,0,1,2,48,1,0.0132612
media,2,8,0,0.113798,0.4,0.0862024,0.4,0.0496265,0.0132612,0.0381041,0.340381,0.4,2,0.512346,0.5,0.5,0.5,0.0966049,-0,0.015,0,0,1,2,47,1,0.0132612
media,2,9,0,0.113757,0.4,0.0862433,0.4,0.0496254,0.0132607,0.0381041,0.340378,0.4,2,0.472562,0.5,0.5,0.5,0.091433,-0,0.015,0,0,1,2,39,1,0.0132613
alta,0.2,0,0.4,0.4,0,0.2,0,0.100826,0.116155,0.107595,0.36,0.4,2,0.895163,1,0.853031,0.925,0.146371,-0,0.03,0,0,1,0.2,35,1,0.116155
alta,0.2,1,0.4,0.4,0,0.2,0,0.100826,0.116155,0.107595,0.36,0.4,2,0.944978,1,0.853031,0.925,0.152847,-0,0.03,0,0,1,0.2,39,1,0.116155
alta,0.2,2,0.4,0.4,0,0.2,0,0.100826,0.116155,0.107595,0.36,0.4,2,0.984846,1,0.853031,0.925,0.15803,-0,0.03,0,0,1,0.2,33,1,0.116155
alta,0.2,3,0.4,0.4,0,0.2,0,0.100826,0.116155,0.107595,0.36,0.4,2,0.936293,1,0.853031,0.925,0.151718,-0,0.03,0,0,1,0.2,56,1,0.116155
alta,0.2,4,0.4,0.4,0,0.2,0,0.100826,0.116155,0.107595,0.36,0.4,2,0.992265,1,0.853031,0.925,0.158994,-0,0.03,0,0,1,0.2,44,1,0.116155
alta,0.2,5,0.4,0.4,0,0.2,0,0.100826,0.116155,0.107595,0.36,0.4,2,0.934614,1,0.853031,0.925,0.1515,-0,0.03,0,0,1,0.2,42,1,0.116155
alta,0.2,6,0.4,0.4,0,0.2,0,0.100826,0.116155,0.107595,0.36,0.4,2,0.892726,1,0.853031,0.925,0.146054,-0,0.03,0,0,1,0.2,34,1,0.116155
alta,0.2,7,0.4,0.4,0,0.2,0,0.100826,0.116155,0.107595,0.36,0.4,2,0.955146,1,0.853031,0.925,0.154169,-0,0.03,0,0,1,0.2,34,1,0.116155
alta,0.2,8,0.4,0.4,0,0.2,0,0.100826,0.116155,0.107595,0.36,0.4,2,0.909376,1,0.853031,0.925,0.148219,-0,0.03,0,0,1,0.2,38,1,0.116155
alta,0.2,9,0.4,0.4,0,0.2,0,0.100826,0.116155,0.107595,0.36,0.4,2,0.965956,1,0.853031,0.925,0.155574,-0,0.03,0,0,1,0.2,38,1,0.116155
alta,0.5,0,0.116947,0.4,0.4,0.0830533,0,0.0747277,0.0544046,0.0775254,0.340574,0.4,2,0.927638,1,0.853031,0.925,0.150593,-0,0.03,0,0,1,0.5,48,1,0.0544047
alta,0.5,1,0.116948,0.4,0.4,0.0830524,0,0.0747277,0.0544047,0.0775254,0.340574,0.4,2,0.90895,1,0.853031,0.925,0.148163,-0,0.03,0,0,1,0.5,48,1,0.0544047
alta,0.5,2,0.116947,0.4,0.4,0.0830527,0,0.0747277,0.0544047,0.0775254,0.340574,0.4,2,0.988143,1,0.853031,0.925,0.158459,-0,0.03,0,0,1,0.5,50,1,0.0544047
alta,0.5,3,0.116948,0.4,0.4,0.0830516,0,0.0747278,0.0544049,0.0775254,0.340574,0.4,2,0.91802,1,0.853031,0.925,0.149343,-0,0.03,0,0,1,0.5,50,1,0.0544048
alta,0.5,4,0.116948,0.4,0.4,0.0830524,0,0.0747277,0.0544047,0.0775254,0.340574,0.4,2,0.992019,1,0.853031,0.925,0.158963,-0,0.03,0,0,1,0.5,40,1,0.0544047
alta,0.5,5,0.116948,0.4,0.4,0.0830524,0,0.0747278,0.0544047,0.0775254,0.340574,0.4,2,0.915153,1,0.853031,0.925,0.14897,-0,0.03,0,0,1,0.5,47,1,0.0544039
alta,0.5,6,0.116974,0.4,0.4,0.083026,0,0.0747299,0.054409,0.0775254,0.340576,0.4,2,0.918316,1,0.853031,0.925,0.149381,-0,0.03,0,0,1,0.5,61,1,0.0544043
alta,0.5,7,0.116948,0.4,0.4,0.0830524,0,0.0747277,0.0544047,0.0775254,0.340574,0.4,2,0.962159,1,0.853031,0.925,0.155081,-0,0.03,0,0,1,0.5,45,1,0.0544047
alta,0.5,8,0.116948,0.4,0.4,0.0830524,0,0.0747278,0.0544047,0.0775254,0.340574,0.4,2,0.920694,1,0.853031,0.925,0.14969,-0,0.03,0,0,1,0.5,36,1,0.0544044
alta,0.5,9,0.11695,0.4,0.4,0.0830495,0,0.074728,0.0544052,0.0775254,0.340575,0.4,2,0.936656,1,0.853031,0.925,0.151765,-0,0.03,0,0,1,0.5,44,1,0.0544047
alta,1,0,0,0.14841,0.4,0.0515897,0.4,0.0505625,0.0139693,0.0665932,0.344687,0.4,2,0.925926,1,0.853031,0.925,0.15037,-0,0.03,0,0,1,1,50,1,0.0139692
alta,1,1,9.56966e-13,0.14841,0.4,0.0515898,0.4,0.0505625,0.0139693,0.0665932,0.344687,0.4,2,1,1,0.853031,0.925,0.16,-0,0.03,0,0,1,1,43,1,0.0139693
alta,1,2,0,0.14841,0.4,0.05159,0.4,0.0505625,0.0139693,0.0665932,0.344687,0.4,2,0.948975,1,0.853031,0.925,0.153367,-0,0.03,0,0,1,1,49,1,0.0139693
alta,1,3,0,0.148426,0.4,0.0515736,0.4,0.0505629,0.0139697,0.0665932,0.34469,0.4,2,0.942807,1,0.853031,0.925,0.152565,-0,0.03,0,0,1,1,49,1,0.0139693
alta,1,4,4.84832e-16,0.14841,0.4,0.0515896,0.4,0.0505625,0.0139693,0.0665932,0.344687,0.4,2,0.962495,1,0.853031,0.925,0.155124,-0,0.03,0,0,1,1,49,1,0.0139693
alta,1,5,7.44417e-11,0.148408,0.4,0.0515918,0.4,0.0505624,0.0139692,0.0665932,0.344687,0.4,2,0.936958,1,0.853031,0.925,0.151805,-0,0.03,0,0,1,1,64,1,0.0139691
alta,1,6,0,0.148411,0.4,0.0515892,0.4,0.0505625,0.0139693,0.0665932,0.344687,0.4,2,0.875755,1,0.853031,0.925,0.143848,-0,0.03,0,0,1,1,42,1,0.0139693
alta,1,7,9.13801e-11,0.148414,0.4,0.0515861,0.4,0.0505626,0.0139694,0.0665932,0.344688,0.4,2,0.997105,1,0.853031,0.925,0.159624,-0,0.03,0,0,1,1,46,1,0.0139673
alta,1,8,0,0.148411,0.4,0.0515894,0.4,0.0505625,0.0139693,0.0665932,0.344687,0.4,2,0.961653,1,0.853031,0.925,0.155015,-0,0.03,0,0,1,1,52,1,0.0139692
alta,1,9,4.5211e-12,0.148393,0.4,0.0516073,0.4,0.050562,0.0139688,0.0665932,0.344684,0.4,2,0.929597,1,0.853031,0.925,0.150848,-0,0.03,0,0,1,1,50,1,0.0139693
alta,2,0,0,0.113796,0.4,0.0862037,0.4,0.0496265,0.0132612,0.0531041,0.340381,0.4,2,0.943424,1,0.853031,0.925,0.152645,-0,0.03,0,0,1,2,53,1,0.0132612
alta,2,1,0,0.113797,0.4,0.0862031,0.4,0.0496265,0.0132612,0.0531041,0.340381,0.4,2,0.954084,1,0.853031,0.925,0.154031,-0,0.03,0,0,1,2,48,1,0.0132612
alta,2,2,2.9611e-12,0.113798,0.4,0.0862022,0.4,0.0496266,0.0132612,0.0531041,0.340381,0.4,2,0.908059,1,0.853031,0.925,0.148048,-0,0.03,0,0,1,2,49,1,0.013261
alta,2,3,0,0.113781,0.4,0.0862189,0.4,0.0496261,0.013261,0.0531041,0.34038,0.4,2,0.966199,1,0.853031,0.925,0.155606,-0,0.03,0,0,1,2,87,1,0.0132612
alta,2,4,0,0.113797,0.4,0.0862031,0.4,0.0496265,0.0132612,0.0531041,0.340381,0.4,2,0.977486,1,0.853031,0.925,0.157073,-0,0.03,0,0,1,2,53,1,0.0132612
alta,2,5,0,0.113797,0.4,0.0862031,0.4,0.0496265,0.0132612,0.0531041,0.340381,0.4,2,0.968411,1,0.853031,0.925,0.155893,-0,0.03,0,0,1,2,56,1,0.0132612
alta,2,6,0,0.113798,0.4,0.0862021,0.4,0.0496266,0.0132612,0.0531041,0.340381,0.4,2,0.94838,1,0.853031,0.925,0.153289,-0,0.03,0,0,1,2,54,1,0.0132614
alta,2,7,0,0.113798,0.4,0.0862021,0.4,0.0496266,0.0132612,0.0531041,0.340381,0.4,2,0.946862,1,0.853031,0.925,0.153092,-0,0.03,0,0,1,2,52,1,0.0132612
alta,2,8,0,0.113797,0.4,0.0862035,0.4,0.0496265,0.0132612,0.0531041,0.340381,0.4,2,0.981212,1,0.853031,0.925,0.157558,-0,0.03,0,0,1,2,61,1,0.0132612
alta,2,9,0,0.113797,0.4,0.0862031,0.4,0.0496265,0.0132612,0.0531041,0.340381,0.4,2,0.989512,1,0.853031,0.925,0.158637,-0,0.03,0,0,1,2,48,1,0.0132613
