absorption,lambda_base,n,w_stocks_mean,w_stocks_sd,w_mixed_mean,w_mixed_sd,w_debt_mean,w_debt_sd,w_bonds_mean,w_bonds_sd,w_term_mean,w_term_sd,expected_return_mean,expected_return_sd,sigma_mean,sigma_sd,fitness_mean,fitness_sd,herfindahl_mean,herfindahl_sd,max_w_mean,max_w_sd,min_w_mean,min_w_sd,n_at_cap_mean,n_at_cap_sd,n_at_floor_mean,n_at_floor_sd,c_mean,c_sd,mu_ca_c_mean,mu_ca_c_sd,centroid_mean,centroid_sd,mode_mean,mode_sd,sigma_max_c_mean,sigma_max_c_sd,penalty_term_mean,penalty_term_sd,fuzzy_reward_mean,fuzzy_reward_sd,penalty_active_mean,penalty_active_sd,binding_mean,binding_sd,m_h_mean,m_h_sd,lambda_eff_mean,lambda_eff_sd,generations_mean,generations_sd,converged_mean,converged_sd,sigma_free_mean,sigma_free_sd
baja,0.2,10,0.145529,0.000518653,0.399999,3.5469e-06,0.35447,0.000520034,0.0500022,7.07571e-06,0.0500006,1.9005e-06,0.0764217,4.6157e-05,0.059027,0.000103705,0.0876557,2.46816e-05,0.311827,0.000219291,0.399999,3.5469e-06,0.0500006,1.9005e-06,0.9,0.316228,1.8,0.632456,0.204684,0.000801478,0.777727,0.000155864,0.156591,0,0.1025,0,0.0566089,0.000104192,-0.000292412,7.87658e-06,0.0233318,4.67592e-06,1,0,1,0,1,0,0.2,0,102.7,27.857,1,0,0.113306,0
baja,0.5,10,0.1,9.25186e-18,0.4,0,0.4,0,0.05,0,0.05,0,0.0723679,1.46285e-17,0.0500666,7.31424e-18,0.070668,0,0.335,0,0.4,0,0.05,0,2,0,2,0,0.169436,0.0112885,0.777778,0,0.156591,0,0.1025,0,0.0520267,0.0014675,0,0,0.0233333,0,0,0,0.6,0.516398,1,0,0.5,0,43.2,4.87169,1,0,0.0500666,7.31424e-18
baja,1,10,0.05,2.2957e-11,0.0892996,0.000122669,0.4,1.43595e-10,0.0607004,0.000122669,0.4,1.42984e-09,0.053033,3.317e-06,0.0190225,3.32344e-06,0.0573439,6.58242e-09,0.334159,7.0842e-06,0.4,1.43595e-10,0.05,2.2957e-11,2,0,1,0,0.0953954,0.0480759,0.777778,0,0.156591,0,0.1025,0,0.0424014,0.00624986,0,0,0.0233333,0,0,0,0,0,1,0,1,0,54.6,13.648,1,0,0.019021,3.74028e-07
baja,2,10,0.05,0,0.05,0,0.4,0,0.1,1.03439e-17,0.4,0,0.0519703,0,0.0181729,3.65712e-18,0.0389578,0,0.335,0,0.4,0,0.05,0,2,0,2,0,0.0992082,0.0499786,0.777778,0,0.156591,0,0.1025,0,0.0428971,0.00649722,0,0,0.0233333,0,0,0,0,0,1,0,2,0,39.2,7.0206,1,0,0.0181729,3.65712e-18
media,0.2,10,0.4,1.13126e-11,0.4,8.2967e-11,0.0949418,0.00399089,0.0550581,0.00399089,0.05,1.23439e-09,0.099118,3.05691e-05,0.112124,0.000102135,0.0916357,3.44218e-05,0.334574,0.00033076,0.4,1.13126e-11,0.05,1.23439e-09,2,0,1.3,0.483046,0.623625,0.00215904,0.5,0,0.5,0,0.5,0,0.111071,0.000280675,-5.74823e-05,2.82048e-05,0.015,3.65712e-18,1,0,1,0,1,0,0.2,0,113,42.0079,0.9,0.316228,0.113306,0
media,0.5,10,0.1,4.91743e-17,0.4,0,0.4,0,0.05,0,0.05,0,0.0723679,1.30841e-17,0.0500666,9.25186e-18,0.0623346,7.31424e-18,0.335,0,0.4,0,0.05,0,2,0,2,0,0.506711,0.0254956,0.5,0,0.5,0,0.5,0,0.0958725,0.00331443,0,0,0.015,3.65712e-18,0,0,0,0,1,0,0.5,0,36.1,3.92853,1,0,0.0500666,7.31424e-18
media,1,10,0.05,6.25262e-10,0.0892619,4.80941e-05,0.4,1.71165e-09,0.0607381,4.80917e-05,0.4,2.96672e-09,0.053032,1.30055e-06,0.0190215,1.30138e-06,0.0490105,9.16021e-10,0.334157,2.74822e-06,0.4,1.71165e-09,0.05,6.25262e-10,2,0,1,0,0.533546,0.0284688,0.5,0,0.5,0,0.5,0,0.099361,0.00370094,0,0,0.015,3.65712e-18,0,0,0,0,1,0,1,0,46.9,7.93655,1,0,0.019021,3.74028e-07
media,2,10,0.05,0,0.05,0,0.4,0,0.1,2.11987e-17,0.4,0,0.0519703,0,0.0181729,3.65712e-18,0.0306245,4.90654e-18,0.335,0,0.4,0,0.05,0,2,0,2,0,0.490183,0.0632131,0.5,0,0.5,0,0.5,0,0.0937237,0.0082177,0,0,0.015,3.65712e-18,0,0,0,0,1,0,2,0,38,4.52155,1,0,0.0181729,3.65712e-18
alta,0.2,10,0.4,2.61682e-17,0.4,2.61682e-17,0.05,8.00326e-16,0.1,8.30905e-16,0.05,3.679e-17,0.0994623,1.53425e-17,0.113306,3.06849e-17,0.106801,8.01234e-18,0.335,1.37227e-16,0.4,2.61682e-17,0.05,3.679e-17,2,0,2,0,0.922947,0.0370884,1,0,0.853031,1.17028e-16,0.925,1.17028e-16,0.149983,0.0048215,0,0,0.03,7.31424e-18,0,0,0,0,1,0,0.2,0,38.3,8.01457,1,0,0.113306,0
alta,0.5,10,0.1,1.96262e-17,0.4,0,0.4,0,0.05,0,0.05,0,0.0723679,1.46285e-17,0.0500666,7.31424e-18,0.0773346,9.25186e-18,0.335,0,0.4,0,0.05,0,2,0,2,0,0.916153,0.043009,1,0,0.853031,1.17028e-16,0.925,1.17028e-16,0.1491,0.00559117,0,0,0.03,7.31424e-18,0,0,0,0,1,0,0.5,0,36.9,3.87155,1,0,0.0500666,7.31424e-18
alta,1,10,0.05,7.99493e-10,0.0892507,1.91736e-05,0.4,3.3497e-10,0.0607493,1.91733e-05,0.4,1.63631e-09,0.0530317,5.18493e-07,0.0190212,5.18644e-07,0.0640105,1.69406e-10,0.334156,1.09326e-06,0.4,3.0348e-10,0.05,7.99493e-10,2,0,1,0,0.96508,0.02501,1,0,0.853031,1.17028e-16,0.925,1.17028e-16,0.15546,0.0032513,0,0,0.03,7.31424e-18,0,0,0,0,1,0,1,0,52.1,13.6663,1,0,0.019021,3.74028e-07
alta,2,10,0.05,0,0.05,0,0.4,0,0.1,9.25186e-18,0.4,0,0.0519703,0,0.0181729,3.65712e-18,0.0456245,7.31424e-18,0.335,0,0.4,0,0.05,0,2,0,2,0,0.93944,0.0458266,1,0,0.853031,1.17028e-16,0.925,1.17028e-16,0.152127,0.00595745,0,0,0.03,7.31424e-18,0,0,0,0,1,0,2,0,36.7,2.90784,1,0,0.0181729,3.65712e-18
